"","ASC","CHOL","CPC","EC","GABA_8","GLUT (all subtypes)","GLUT_cortex","GLUTmid","GRANULE","MG","OLG","PEPTI","VLMC","DT"
"Gpr37l1 ENSMUSG00000026424",1,0,0,0,0,0,0,0,0,0,0,0,0,0
"Prdx6 ENSMUSG00000026701",1,0,0,0,0,0,0,0,0,0,0,0,0,0
"Cst3 ENSMUSG00000027447",1,0,0,0,0,0,0,0,0,1,0,0,0,0
"Nkain4 ENSMUSG00000027574",1,0,0,0,0,0,0,0,0,0,0,0,0,0
"Tmem47 ENSMUSG00000025666",1,0,0,0,0,0,0,0,0,0,0,0,0,0
"Bcan ENSMUSG00000004892",1,0,0,0,0,0,0,0,0,0,0,0,0,0
"Gstm1 ENSMUSG00000058135",1,0,0,0,0,0,0,0,0,0,0,0,0,0
"Plpp3 ENSMUSG00000028517",1,0,0,0,0,0,0,0,0,0,0,0,0,0
"Slc4a4 ENSMUSG00000060961",1,0,0,0,0,0,0,0,0,0,0,0,0,0
"Sparcl1 ENSMUSG00000029309",1,0,0,0,0,0,0,0,0,0,0,0,0,0
"Slc6a11 ENSMUSG00000030307",1,0,0,0,0,0,0,0,0,0,0,0,0,0
"Slc25a18 ENSMUSG00000004902",1,0,0,0,0,0,0,0,0,0,0,0,0,0
"Apoe ENSMUSG00000002985",1,0,0,0,0,0,0,0,0,0,0,0,0,0
"Gja1 ENSMUSG00000050953",1,0,0,0,0,0,0,0,0,0,0,0,0,0
"Mt2 ENSMUSG00000031762",1,0,0,0,0,0,0,0,0,0,0,0,0,0
"Mt1 ENSMUSG00000031765",1,0,0,0,0,0,0,0,0,0,0,0,0,0
"Agt ENSMUSG00000031980",1,0,0,0,0,0,0,0,0,0,0,0,0,0
"2310022B05Rik ENSMUSG00000031983",1,0,0,0,0,0,0,0,0,0,0,0,0,0
"Glud1 ENSMUSG00000021794",1,0,0,0,0,0,0,0,0,0,0,0,0,0
"Ndrg2 ENSMUSG00000004558",1,0,0,0,0,0,0,0,0,0,0,0,0,0
"Clu ENSMUSG00000022037",1,0,0,0,0,0,0,0,0,0,0,0,0,0
"Ednrb ENSMUSG00000022122",1,0,0,0,0,0,0,0,0,0,0,0,0,0
"Atp1b2 ENSMUSG00000041329",1,0,0,0,0,0,0,0,0,0,0,0,0,0
"Aldoc ENSMUSG00000017390",1,0,0,0,0,0,0,0,0,0,0,0,0,0
"Ntsr2 ENSMUSG00000020591",1,0,0,0,0,0,0,0,0,0,0,0,0,0
"Mlc1 ENSMUSG00000035805",1,0,0,0,0,0,0,0,0,0,0,0,0,0
"Pla2g7 ENSMUSG00000023913",1,0,0,0,0,0,0,0,0,0,0,0,0,0
"Pld5 ENSMUSG00000055214",0,1,0,0,0,0,0,0,0,0,0,0,0,0
"Tmem176b ENSMUSG00000029810",0,1,0,0,0,0,0,0,0,0,0,0,0,0
"Tac2 ENSMUSG00000025400",0,1,0,0,0,0,0,0,0,0,0,0,0,0
"Cd63 ENSMUSG00000025351",0,1,0,0,0,0,0,0,0,0,0,0,0,0
"Sncg ENSMUSG00000023064",0,1,0,0,0,0,0,0,0,0,0,0,0,0
"Chrna3 ENSMUSG00000032303",0,1,0,0,0,0,0,0,0,0,0,0,0,0
"Kcnip1 ENSMUSG00000053519",0,1,0,0,0,0,0,0,0,0,0,0,0,0
"Cygb ENSMUSG00000020810",0,1,0,0,0,0,0,0,0,0,0,0,0,0
"Amigo2 ENSMUSG00000048218",0,1,0,0,0,0,0,0,0,0,0,0,0,0
"Fgf1 ENSMUSG00000036585",0,1,0,0,0,0,0,0,0,0,0,0,0,0
"1500015O10Rik ENSMUSG00000026051",0,0,1,0,0,0,0,0,0,0,0,0,0,0
"Igfbp2 ENSMUSG00000039323",0,0,1,0,0,0,0,0,0,0,0,0,0,0
"Kcnj13 ENSMUSG00000079436",0,0,1,0,0,0,0,0,0,0,0,0,0,0
"F5 ENSMUSG00000026579",0,0,1,0,0,0,0,0,0,0,0,0,0,0
"Lbp ENSMUSG00000016024",0,0,1,0,0,0,0,0,0,0,0,0,0,0
"Wfdc2 ENSMUSG00000017723",0,0,1,0,0,0,0,0,0,0,0,0,0,0
"Col9a3 ENSMUSG00000027570",0,0,1,0,0,0,0,0,0,0,0,0,0,0
"Prr32 ENSMUSG00000037086",0,0,1,0,0,0,0,0,0,0,0,0,0,0
"Cldn2 ENSMUSG00000047230",0,0,1,0,0,0,0,0,0,0,0,0,0,0
"Abca4 ENSMUSG00000028125",0,0,1,0,0,0,0,0,0,0,0,0,0,0
"Col8a2 ENSMUSG00000056174",0,0,1,0,0,0,0,0,0,0,0,0,0,0
"Msx1 ENSMUSG00000048450",0,0,1,0,0,0,0,0,0,0,0,0,0,0
"Kl ENSMUSG00000058488",0,0,1,0,0,0,0,0,0,0,0,0,0,0
"Aqp1 ENSMUSG00000004655",0,0,1,0,0,0,0,0,0,0,0,0,0,0
"Slc4a5 ENSMUSG00000068323",0,0,1,0,0,0,0,0,0,0,0,0,0,0
"Tmem72 ENSMUSG00000048108",0,0,1,0,0,0,0,0,0,0,0,0,0,0
"Folr1 ENSMUSG00000001827",0,0,1,0,0,0,0,0,0,0,0,0,0,0
"Defb11 ENSMUSG00000045337",0,0,1,0,0,0,0,0,0,0,0,0,0,0
"Calml4 ENSMUSG00000032246",0,0,1,0,0,0,0,0,0,0,0,0,0,0
"Car12 ENSMUSG00000032373",0,0,1,0,0,0,0,0,0,0,0,0,0,0
"Hemk1 ENSMUSG00000032579",0,0,1,0,0,0,0,0,0,0,0,0,0,0
"Sostdc1 ENSMUSG00000036169",0,0,1,0,0,0,0,0,0,0,0,0,0,0
"Slc16a8 ENSMUSG00000032988",0,0,1,0,0,0,0,0,0,0,0,0,0,0
"Tuba1c ENSMUSG00000043091",0,0,1,0,0,0,0,0,0,0,0,0,0,0
"Kcne2 ENSMUSG00000039672",0,0,1,0,0,0,0,0,0,0,0,0,0,0
"Clic6 ENSMUSG00000022949",0,0,1,0,0,0,0,0,0,0,0,0,0,0
"Ttr ENSMUSG00000061808",0,0,1,0,0,0,0,0,0,0,0,0,0,0
"Fn1 ENSMUSG00000026193",0,0,0,1,0,0,0,0,0,0,0,0,0,0
"B2m ENSMUSG00000060802",0,0,0,1,0,0,0,0,0,0,0,0,0,0
"Id1 ENSMUSG00000042745",0,0,0,1,0,0,0,0,0,0,0,0,0,0
"Itm2a ENSMUSG00000031239",0,0,0,1,0,0,0,0,0,0,0,0,0,0
"Slc2a1 ENSMUSG00000028645",0,0,0,1,0,0,0,0,0,0,0,0,0,0
"Abcb1a ENSMUSG00000040584",0,0,0,1,0,0,0,0,0,0,0,0,0,0
"Igfbp7 ENSMUSG00000036256",0,0,0,1,0,0,0,0,0,0,0,0,0,0
"Flt1 ENSMUSG00000029648",0,0,0,1,0,0,0,0,0,0,0,0,0,0
"Vwf ENSMUSG00000001930",0,0,0,1,0,0,0,0,0,0,0,0,0,0
"Ifitm3 ENSMUSG00000025492",0,0,0,1,0,0,0,0,0,0,0,0,1,0
"Ptprb ENSMUSG00000020154",0,0,0,1,0,0,0,0,0,0,0,0,0,0
"Esam ENSMUSG00000001946",0,0,0,1,0,0,0,0,0,0,0,0,0,0
"Ramp2 ENSMUSG00000001240",0,0,0,1,0,0,0,0,0,0,0,0,0,0
"Ly6a ENSMUSG00000075602",0,0,0,1,0,0,0,0,0,0,0,0,0,0
"Ly6c1 ENSMUSG00000079018",0,0,0,1,0,0,0,0,0,0,0,0,0,0
"Cldn5 ENSMUSG00000041378",0,0,0,1,0,0,0,0,0,0,0,0,0,0
"H2-D1 ENSMUSG00000073411",0,0,0,1,0,0,0,0,0,0,0,0,0,0
"Epas1 ENSMUSG00000024140",0,0,0,1,0,0,0,0,0,0,0,0,0,0
"Ankrd63 ENSMUSG00000078137",0,0,0,0,1,0,0,0,0,0,0,0,0,0
"Gpr88 ENSMUSG00000068696",0,0,0,0,1,0,0,0,0,0,0,0,0,0
"Gpr83 ENSMUSG00000031932",0,0,0,0,1,0,0,0,0,0,0,0,0,0
"Arpp21 ENSMUSG00000032503",0,0,0,0,1,0,0,0,0,0,0,0,0,0
"Ppp1r1b ENSMUSG00000061718",0,0,0,0,1,0,0,0,0,0,0,0,0,0
"Pde1b ENSMUSG00000022489",0,0,0,0,1,0,0,0,0,0,0,0,0,0
"3110035E14Rik ENSMUSG00000067879",0,0,0,0,0,1,0,0,0,0,0,0,0,0
"Rims1 ENSMUSG00000041670",0,0,0,0,0,1,0,0,0,0,0,0,0,0
"Ogfrl1 ENSMUSG00000026158",0,0,0,0,0,1,0,0,0,0,0,0,0,0
"Creg2 ENSMUSG00000050967",0,0,0,0,0,1,0,0,0,0,0,0,0,0
"Fhl2 ENSMUSG00000008136",0,0,0,0,0,1,0,0,0,0,0,0,0,0
"Slc39a10 ENSMUSG00000025986",0,0,0,0,0,1,0,0,0,0,0,0,0,0
"Gls ENSMUSG00000026103",0,0,0,0,0,1,0,0,0,0,0,0,0,0
"Satb2 ENSMUSG00000038331",0,0,0,0,0,1,1,0,0,0,0,0,0,0
"Tuba4a ENSMUSG00000026202",0,0,0,0,0,1,0,0,0,0,0,0,0,0
"Adora1 ENSMUSG00000042429",0,0,0,0,0,1,0,0,0,0,0,0,0,0
"B3galt2 ENSMUSG00000033849",0,0,0,0,0,1,0,0,0,0,0,0,0,0
"Kcnj9 ENSMUSG00000038026",0,0,0,0,0,1,0,0,0,0,0,0,0,0
"Zbtb18 ENSMUSG00000063659",0,0,0,0,0,1,0,0,0,0,0,0,0,0
"Plxna2 ENSMUSG00000026640",0,0,0,0,0,1,0,0,0,0,0,0,0,0
"Cd34 ENSMUSG00000016494",0,0,0,0,0,1,0,0,0,0,0,0,0,0
"Olfm1 ENSMUSG00000026833",0,0,0,0,0,1,0,0,0,0,0,0,0,0
"Dnm1 ENSMUSG00000026825",0,0,0,0,0,1,0,0,0,0,0,0,0,0
"1110008P14Rik ENSMUSG00000039195",0,0,0,0,0,1,0,0,0,0,0,0,0,0
"Kif5c ENSMUSG00000026764",0,0,0,0,0,1,0,0,0,0,0,0,0,0
"Tbr1 ENSMUSG00000035033",0,0,0,0,0,1,0,0,0,0,0,0,0,0
"Chn1 ENSMUSG00000056486",0,0,0,0,0,1,0,0,0,0,0,0,0,0
"Pde1a ENSMUSG00000059173",0,0,0,0,0,1,1,0,0,0,0,0,0,0
"Syt13 ENSMUSG00000027220",0,0,0,0,0,1,0,0,0,0,0,0,0,0
"Slc1a2 ENSMUSG00000005089",0,0,0,0,0,1,0,0,0,0,0,0,0,0
"D430041D05Rik ENSMUSG00000068373",0,0,0,0,0,1,0,0,0,0,0,0,0,0
"Itpka ENSMUSG00000027296",0,0,0,0,0,1,0,0,0,0,0,0,0,0
"Kcnip3 ENSMUSG00000079056",0,0,0,0,0,1,0,0,0,0,0,0,0,0
"Atp9a ENSMUSG00000027546",0,0,0,0,0,1,0,0,0,0,0,0,0,0
"Cnksr2 ENSMUSG00000025658",0,0,0,0,0,1,0,0,0,0,0,0,0,0
"Stmn2 ENSMUSG00000027500",0,0,0,0,0,1,0,0,0,0,0,0,0,0
"Fam212b ENSMUSG00000048458",0,0,0,0,0,1,0,0,0,0,0,0,0,0
"Lmo4 ENSMUSG00000028266",0,0,0,0,0,1,0,0,0,0,0,0,0,0
"Ak5 ENSMUSG00000039058",0,0,0,0,0,1,0,0,0,0,0,0,0,0
"Ccl27a ENSMUSG00000073888",0,0,0,0,0,1,0,0,0,0,0,0,0,0
"Phf24 ENSMUSG00000036062",0,0,0,0,0,1,0,0,0,0,0,0,0,0
"Gabbr2 ENSMUSG00000039809",0,0,0,0,0,1,0,0,0,0,0,0,0,0
"Frrs1l ENSMUSG00000045589",0,0,0,0,0,1,0,0,0,0,0,0,0,0
"Slc24a2 ENSMUSG00000037996",0,0,0,0,0,1,0,0,0,0,0,0,0,0
"Elavl4 ENSMUSG00000028546",0,0,0,0,0,1,0,0,0,0,0,0,0,0
"Faah ENSMUSG00000034171",0,0,0,0,0,1,0,0,0,0,0,0,0,0
"Efhd2 ENSMUSG00000040659",0,0,0,0,0,1,0,0,0,0,0,0,0,0
"Clstn1 ENSMUSG00000039953",0,0,0,0,0,1,0,0,0,0,0,0,0,0
"Kcnab2 ENSMUSG00000028931",0,0,0,0,0,1,0,0,0,0,0,0,0,0
"Pclo ENSMUSG00000061601",0,0,0,0,0,1,0,0,0,0,0,0,0,0
"Slc30a3 ENSMUSG00000029151",0,0,0,0,0,1,1,0,0,0,0,0,0,0
"Sel1l3 ENSMUSG00000029189",0,0,0,0,0,1,0,0,0,0,0,0,0,0
"Uchl1 ENSMUSG00000029223",0,0,0,0,0,1,0,0,0,0,0,0,0,0
"Mapk10 ENSMUSG00000046709",0,0,0,0,0,1,0,0,0,0,0,0,0,0
"Ephx4 ENSMUSG00000033805",0,0,0,0,0,1,0,0,0,0,0,0,0,0
"Galnt9 ENSMUSG00000033316",0,0,0,0,0,1,0,0,0,0,0,0,0,0
"Miat ENSMUSG00000097767",0,0,0,0,0,1,0,0,0,0,0,0,0,0
"Cabp1 ENSMUSG00000029544",0,0,0,0,0,1,0,0,0,0,0,0,0,0
"Rasal1 ENSMUSG00000029602",0,0,0,0,0,1,0,0,0,0,0,0,0,0
"Mmp17 ENSMUSG00000029436",0,0,0,0,0,1,0,0,0,0,0,0,0,0
"Stx1a ENSMUSG00000007207",0,0,0,0,0,1,0,0,0,0,0,0,0,0
"Ywhag ENSMUSG00000051391",0,0,0,0,0,1,0,0,0,0,0,0,0,0
"Cadps2 ENSMUSG00000017978",0,0,0,0,0,1,0,0,0,0,0,0,0,0
"Neurod6 ENSMUSG00000037984",0,0,0,0,0,1,1,0,1,0,0,0,0,0
"Herc3 ENSMUSG00000029804",0,0,0,0,0,1,0,0,0,0,0,0,0,0
"Chl1 ENSMUSG00000030077",0,0,0,0,0,1,0,0,0,0,0,0,0,0
"Itpr1 ENSMUSG00000030102",0,0,0,0,0,1,0,0,0,0,0,0,0,0
"Prkcg ENSMUSG00000078816",0,0,0,0,0,1,1,0,0,0,0,0,0,0
"Slc8a2 ENSMUSG00000030376",0,0,0,0,0,1,0,0,0,0,0,0,0,0
"Fxyd7 ENSMUSG00000036578",0,0,0,0,0,1,0,0,0,0,0,0,0,0
"Scn1b ENSMUSG00000019194",0,0,0,0,0,1,0,0,0,0,0,0,0,0
"Slc17a7 ENSMUSG00000070570",0,0,0,0,0,1,0,0,0,0,0,0,0,0
"Dkkl1 ENSMUSG00000030792",0,0,0,0,0,1,1,0,0,0,0,0,0,0
"Apba2 ENSMUSG00000030519",0,0,0,0,0,1,0,0,0,0,0,0,0,0
"Sv2b ENSMUSG00000053025",0,0,0,0,0,1,0,0,0,0,0,0,0,0
"Pak1 ENSMUSG00000030774",0,0,0,0,0,1,0,0,0,0,0,0,0,0
"Pgm2l1 ENSMUSG00000030729",0,0,0,0,0,1,0,0,0,0,0,0,0,0
"Rab6a ENSMUSG00000030704",0,0,0,0,0,1,0,0,0,0,0,0,0,0
"Dkk3 ENSMUSG00000030772",0,0,0,0,0,1,1,0,0,0,0,0,0,0
"Mical2 ENSMUSG00000038244",0,0,0,0,0,1,0,0,0,0,0,0,0,0
"Prkcb ENSMUSG00000052889",0,0,0,0,0,1,0,0,0,0,0,0,0,0
"Coro1a ENSMUSG00000030707",0,0,0,0,0,1,0,0,0,0,0,0,0,0
"Sprn ENSMUSG00000045733",0,0,0,0,0,1,0,0,0,0,0,0,0,0
"Zfp365 ENSMUSG00000037855",0,0,0,0,0,1,0,0,0,0,0,0,0,0
"Sorbs2 ENSMUSG00000031626",0,0,0,0,0,1,0,0,0,0,0,0,0,0
"Gpm6a ENSMUSG00000031517",0,0,0,0,0,1,0,0,0,0,0,0,0,0
"Phyhip ENSMUSG00000003469",0,0,0,0,0,1,0,0,0,0,0,0,0,0
"Nrgn ENSMUSG00000053310",0,0,0,0,0,1,0,0,0,0,0,0,0,0
"Thy1 ENSMUSG00000032011",0,0,0,0,0,1,0,0,0,0,0,0,0,0
"Scn2b ENSMUSG00000070304",0,0,0,0,0,1,0,0,0,0,0,0,0,0
"Lingo1 ENSMUSG00000049556",0,0,0,0,0,1,0,0,0,0,0,0,0,0
"Bsn ENSMUSG00000032589",0,0,0,0,0,1,0,0,0,0,0,0,0,0
"Cck ENSMUSG00000032532",0,0,0,0,0,1,0,0,0,0,0,0,0,0
"Rasl10a ENSMUSG00000034209",0,0,0,0,0,1,1,0,1,0,0,0,0,0
"Adcy1 ENSMUSG00000020431",0,0,0,0,0,1,0,0,0,0,0,0,0,0
"Ppp3r1 ENSMUSG00000033953",0,0,0,0,0,1,0,0,0,0,0,0,0,0
"Gabra1 ENSMUSG00000010803",0,0,0,0,0,1,0,0,0,0,0,0,0,0
"Cyfip2 ENSMUSG00000020340",0,0,0,0,0,1,0,0,0,0,0,0,0,0
"Rnf112 ENSMUSG00000010086",0,0,0,0,0,1,0,0,0,0,0,0,0,0
"Arhgap44 ENSMUSG00000033389",0,0,0,0,0,1,0,0,0,0,0,0,0,0
"Mmd ENSMUSG00000003948",0,0,0,0,0,1,0,0,0,0,0,0,0,0
"Srcin1 ENSMUSG00000038453",0,0,0,0,0,1,0,0,0,0,0,0,0,0
"Neurod2 ENSMUSG00000038255",0,0,0,0,0,1,0,0,0,0,0,0,0,0
"Igfbp4 ENSMUSG00000017493",0,0,0,0,0,1,0,0,0,0,0,0,0,0
"Adam11 ENSMUSG00000020926",0,0,0,0,0,1,0,0,0,0,0,0,0,0
"Fmnl1 ENSMUSG00000055805",0,0,0,0,0,1,0,0,0,0,0,0,0,0
"Nptx1 ENSMUSG00000025582",0,0,0,0,0,1,0,0,1,0,0,0,0,0
"Nrn1 ENSMUSG00000039114",0,0,0,0,0,1,0,0,0,0,0,0,0,0
"Smim13 ENSMUSG00000091264",0,0,0,0,0,1,0,0,0,0,0,0,0,0
"Diras2 ENSMUSG00000047842",0,0,0,0,0,1,0,0,0,0,0,0,0,0
"Cplx2 ENSMUSG00000025867",0,0,0,0,0,1,0,0,0,0,0,0,0,0
"Sncb ENSMUSG00000034891",0,0,0,0,0,1,0,0,0,0,0,0,0,0
"Unc5a ENSMUSG00000025876",0,0,0,0,0,1,0,0,0,0,0,0,0,0
"Spock1 ENSMUSG00000056222",0,0,0,0,0,1,0,0,0,0,0,0,0,0
"Enc1 ENSMUSG00000041773",0,0,0,0,0,1,0,0,0,0,0,0,0,0
"Plk2 ENSMUSG00000021701",0,0,0,0,0,1,0,0,0,0,0,0,0,0
"Vsnl1 ENSMUSG00000054459",0,0,0,0,0,1,0,0,0,0,0,0,0,0
"Rock2 ENSMUSG00000020580",0,0,0,0,0,1,0,0,0,0,0,0,0,0
"Id2 ENSMUSG00000020644",0,0,0,0,0,1,0,0,0,0,0,0,0,0
"Gpr22 ENSMUSG00000044067",0,0,0,0,0,1,0,0,0,0,0,0,0,0
"Tspan13 ENSMUSG00000020577",0,0,0,0,0,1,0,0,0,0,0,0,0,0
"Rtn1 ENSMUSG00000021087",0,0,0,0,0,1,0,0,0,0,0,0,0,0
"Ckb ENSMUSG00000001270",0,0,0,0,0,1,0,0,0,0,0,0,0,0
"Cep170b ENSMUSG00000072825",0,0,0,0,0,1,0,0,0,0,0,0,0,0
"Ncald ENSMUSG00000051359",0,0,0,0,0,1,0,0,0,0,0,0,0,0
"Ext1 ENSMUSG00000061731",0,0,0,0,0,1,0,0,0,0,0,0,0,0
"Mal2 ENSMUSG00000024479",0,0,0,0,0,1,0,0,0,0,0,0,0,0
"Nov ENSMUSG00000037362",0,0,0,0,0,1,1,0,0,0,0,0,0,0
"Asap1 ENSMUSG00000022377",0,0,0,0,0,1,0,0,0,0,0,0,0,0
"Kcnq3 ENSMUSG00000056258",0,0,0,0,0,1,0,0,0,0,0,0,0,0
"Khdrbs3 ENSMUSG00000022332",0,0,0,0,0,1,0,0,0,0,0,0,0,0
"Ly6e ENSMUSG00000022587",0,0,0,0,0,1,0,0,0,0,0,0,0,0
"Nptxr ENSMUSG00000022421",0,0,0,0,0,1,0,0,0,0,0,0,0,0
"Mpped1 ENSMUSG00000041708",0,0,0,0,0,1,0,0,0,0,0,0,0,0
"Nell2 ENSMUSG00000022454",0,0,0,0,0,1,0,0,0,0,0,0,0,0
"Scn8a ENSMUSG00000023033",0,0,0,0,0,1,0,0,0,0,0,0,0,0
"Rtn4r ENSMUSG00000043811",0,0,0,0,0,1,0,0,0,0,0,0,0,0
"Fam131a ENSMUSG00000050821",0,0,0,0,0,1,0,0,0,0,0,0,0,0
"Kalrn ENSMUSG00000061751",0,0,0,0,0,1,0,0,0,0,0,0,0,0
"Flot1 ENSMUSG00000059714",0,0,0,0,0,1,0,0,0,0,0,0,0,0
"Tmem178 ENSMUSG00000024245",0,0,0,0,0,1,0,0,0,0,0,0,0,0
"Nrxn1 ENSMUSG00000024109",0,0,0,0,0,1,0,0,0,0,0,0,0,0
"Osbpl1a ENSMUSG00000044252",0,0,0,0,0,1,0,0,0,0,0,0,0,0
"Tmem151a ENSMUSG00000061451",0,0,0,0,0,1,0,0,0,0,0,0,0,0
"Syt7 ENSMUSG00000024743",0,0,0,0,0,1,0,0,0,0,0,0,0,0
"Tmem132a ENSMUSG00000024736",0,0,0,0,0,1,0,0,0,0,0,0,0,0
"Smarca2 ENSMUSG00000024921",0,0,0,0,0,1,0,0,0,0,0,0,0,0
"Lypd1 ENSMUSG00000026344",0,0,0,0,0,0,1,0,0,0,0,0,0,0
"Lhx2 ENSMUSG00000000247",0,0,0,0,0,0,1,0,0,0,0,0,0,0
"Lamp5 ENSMUSG00000027270",0,0,0,0,0,0,1,0,0,0,0,0,0,0
"Kcng1 ENSMUSG00000074575",0,0,0,0,0,0,1,0,0,0,0,0,0,0
"Gm11549 ENSMUSG00000085007",0,0,0,0,0,0,1,0,0,0,0,0,0,0
"Prss12 ENSMUSG00000027978",0,0,0,0,0,0,1,0,0,0,0,0,0,0
"Wfs1 ENSMUSG00000039474",0,0,0,0,0,0,1,0,0,0,0,0,0,0
"Lmo3 ENSMUSG00000030226",0,0,0,0,0,0,1,0,0,0,0,0,0,0
"Hs3st2 ENSMUSG00000046321",0,0,0,0,0,0,1,0,0,0,0,0,0,0
"Fezf2 ENSMUSG00000021743",0,0,0,0,0,0,1,0,0,0,0,0,0,0
"Cpne4 ENSMUSG00000032564",0,0,0,0,0,0,1,0,0,0,0,0,0,0
"Nxph3 ENSMUSG00000046719",0,0,0,0,0,0,1,0,0,0,0,0,0,0
"Krt12 ENSMUSG00000020912",0,0,0,0,0,0,1,0,0,0,0,0,0,0
"Myl4 ENSMUSG00000061086",0,0,0,0,0,0,1,0,0,0,0,0,0,0
"Rgs14 ENSMUSG00000052087",0,0,0,0,0,0,1,0,0,0,0,0,0,0
"Dbpht2 ENSMUSG00000029878",0,0,0,0,0,0,1,0,0,0,0,0,0,0
"Igfbp6 ENSMUSG00000023046",0,0,0,0,0,0,1,0,0,0,0,0,0,0
"Shox2 ENSMUSG00000027833",0,0,0,0,0,0,0,1,0,0,0,0,0,0
"Synpo2 ENSMUSG00000050315",0,0,0,0,0,0,0,1,0,0,0,0,0,0
"Ptpn3 ENSMUSG00000038764",0,0,0,0,0,0,0,1,0,0,0,0,0,0
"Prkcd ENSMUSG00000021948",0,0,0,0,0,0,0,1,0,0,0,0,0,0
"Ramp3 ENSMUSG00000041046",0,0,0,0,0,0,0,1,0,0,0,0,0,0
"Tcf7l2 ENSMUSG00000024985",0,0,0,0,0,0,0,1,0,0,0,0,0,0
"Lefty1 ENSMUSG00000038793",0,0,0,0,0,0,0,0,1,0,0,0,0,0
"Fibcd1 ENSMUSG00000026841",0,0,0,0,0,0,0,0,1,0,0,0,0,0
"Bhlhe22 ENSMUSG00000025128",0,0,0,0,0,0,0,0,1,0,0,0,0,0
"Nr4a3 ENSMUSG00000028341",0,0,0,0,0,0,0,0,1,0,0,0,0,0
"Lpl ENSMUSG00000015568",0,0,0,0,0,0,0,0,1,0,0,0,0,0
"Nr3c2 ENSMUSG00000031618",0,0,0,0,0,0,0,0,1,0,0,0,0,0
"Spink8 ENSMUSG00000050074",0,0,0,0,0,0,0,0,1,0,0,0,0,0
"Cabp7 ENSMUSG00000009075",0,0,0,0,0,0,0,0,1,0,0,0,0,0
"Fcer1g ENSMUSG00000058715",0,0,0,0,0,0,0,0,0,1,0,0,0,0
"P2ry12 ENSMUSG00000036353",0,0,0,0,0,0,0,0,0,1,0,0,0,0
"Fcrls ENSMUSG00000015852",0,0,0,0,0,0,0,0,0,1,0,0,0,0
"Ctss ENSMUSG00000038642",0,0,0,0,0,0,0,0,0,1,0,0,0,0
"Olfml3 ENSMUSG00000027848",0,0,0,0,0,0,0,0,0,1,0,0,0,0
"Laptm5 ENSMUSG00000028581",0,0,0,0,0,0,0,0,0,1,0,0,0,0
"C1qb ENSMUSG00000036905",0,0,0,0,0,0,0,0,0,1,0,0,0,0
"C1qc ENSMUSG00000036896",0,0,0,0,0,0,0,0,0,1,0,0,0,0
"C1qa ENSMUSG00000036887",0,0,0,0,0,0,0,0,0,1,0,0,0,0
"Tmem119 ENSMUSG00000054675",0,0,0,0,0,0,0,0,0,1,0,0,0,0
"Selplg ENSMUSG00000048163",0,0,0,0,0,0,0,0,0,1,0,0,0,0
"Tyrobp ENSMUSG00000030579",0,0,0,0,0,0,0,0,0,1,0,0,0,0
"Siglech ENSMUSG00000051504",0,0,0,0,0,0,0,0,0,1,0,0,0,0
"Cx3cr1 ENSMUSG00000052336",0,0,0,0,0,0,0,0,0,1,0,0,0,0
"Ly86 ENSMUSG00000021423",0,0,0,0,0,0,0,0,0,1,0,0,0,0
"Hexb ENSMUSG00000021665",0,0,0,0,0,0,0,0,0,1,0,0,0,0
"Lgmn ENSMUSG00000021190",0,0,0,0,0,0,0,0,0,1,0,0,0,0
"Trem2 ENSMUSG00000023992",0,0,0,0,0,0,0,0,0,1,0,0,0,0
"Csf1r ENSMUSG00000024621",0,0,0,0,0,0,0,0,0,1,0,0,0,0
"Tmbim1 ENSMUSG00000006301",0,0,0,0,0,0,0,0,0,0,1,0,0,0
"Ptma ENSMUSG00000026238",0,0,0,0,0,0,0,0,0,0,1,0,0,0
"Efhd1 ENSMUSG00000026255",0,0,0,0,0,0,0,0,0,0,1,0,0,0
"Cntn2 ENSMUSG00000053024",0,0,0,0,0,0,0,0,0,0,1,0,0,0
"Csrp1 ENSMUSG00000026421",0,0,0,0,0,0,0,0,0,0,1,0,0,0
"Phlda3 ENSMUSG00000041801",0,0,0,0,0,0,0,0,0,0,1,0,0,0
"Tmem63a ENSMUSG00000026519",0,0,0,0,0,0,0,0,0,0,1,0,0,0
"1700047M11Rik ENSMUSG00000100147",0,0,0,0,0,0,0,0,0,0,1,0,0,0
"Tprn ENSMUSG00000048707",0,0,0,0,0,0,0,0,0,0,1,0,0,0
"Abca2 ENSMUSG00000026944",0,0,0,0,0,0,0,0,0,0,1,0,0,0
"Fnbp1 ENSMUSG00000075415",0,0,0,0,0,0,0,0,0,0,1,0,0,0
"Gsn ENSMUSG00000026879",0,0,0,0,0,0,0,0,0,0,1,0,0,0
"Tnfaip6 ENSMUSG00000053475",0,0,0,0,0,0,0,0,0,0,1,0,0,0
"Ermn ENSMUSG00000026830",0,0,0,0,0,0,0,0,0,0,1,0,0,0
"Grb14 ENSMUSG00000026888",0,0,0,0,0,0,0,0,0,0,1,0,0,0
"Cd82 ENSMUSG00000027215",0,0,0,0,0,0,0,0,0,0,1,0,0,0
"Gatm ENSMUSG00000027199",0,0,0,0,0,0,0,0,0,0,1,0,0,0
"Mal ENSMUSG00000027375",0,0,0,0,0,0,0,0,0,0,1,0,0,0
"Gjb1 ENSMUSG00000047797",0,0,0,0,0,0,0,0,0,0,1,0,0,0
"Plp1 ENSMUSG00000031425",0,0,0,0,0,0,0,0,0,0,1,0,0,0
"Car2 ENSMUSG00000027562",0,0,0,0,0,0,0,0,0,0,1,0,0,0
"Cldn11 ENSMUSG00000037625",0,0,0,0,0,0,0,0,0,0,1,0,0,0
"Rnf13 ENSMUSG00000036503",0,0,0,0,0,0,0,0,0,0,1,0,0,0
"Trim59 ENSMUSG00000034317",0,0,0,0,0,0,0,0,0,0,1,0,0,0
"Hapln2 ENSMUSG00000004894",0,0,0,0,0,0,0,0,0,0,1,0,0,0
"Cers2 ENSMUSG00000015714",0,0,0,0,0,0,0,0,0,0,1,0,0,0
"Car14 ENSMUSG00000038526",0,0,0,0,0,0,0,0,0,0,1,0,0,0
"Tspan2 ENSMUSG00000027858",0,0,0,0,0,0,0,0,0,0,1,0,0,0
"Ugt8a ENSMUSG00000032854",0,0,0,0,0,0,0,0,0,0,1,0,0,0
"Slc44a1 ENSMUSG00000028412",0,0,0,0,0,0,0,0,0,0,1,0,0,0
"Lpar1 ENSMUSG00000038668",0,0,0,0,0,0,0,0,0,0,1,0,0,0
"Tmem125 ENSMUSG00000050854",0,0,0,0,0,0,0,0,0,0,1,0,0,0
"Tmem88b ENSMUSG00000073680",0,0,0,0,0,0,0,0,0,0,1,0,0,0
"Qdpr ENSMUSG00000015806",0,0,0,0,0,0,0,0,0,0,1,0,0,0
"Gltp ENSMUSG00000011884",0,0,0,0,0,0,0,0,0,0,1,0,0,0
"Gjc3 ENSMUSG00000056966",0,0,0,0,0,0,0,0,0,0,1,0,0,0
"Gng11 ENSMUSG00000032766",0,0,0,0,0,0,0,0,0,0,1,0,0,0
"Gpr37 ENSMUSG00000039904",0,0,0,0,0,0,0,0,0,0,1,0,0,0
"Sirt2 ENSMUSG00000015149",0,0,0,0,0,0,0,0,0,0,1,0,0,0
"Ppp1r14a ENSMUSG00000037166",0,0,0,0,0,0,0,0,0,0,1,0,0,0
"Mag ENSMUSG00000036634",0,0,0,0,0,0,0,0,0,0,1,0,0,0
"Josd2 ENSMUSG00000038695",0,0,0,0,0,0,0,0,0,0,1,0,0,0
"Plekhb1 ENSMUSG00000030701",0,0,0,0,0,0,0,0,0,0,1,0,0,0
"Rhog ENSMUSG00000073982",0,0,0,0,0,0,0,0,0,0,1,0,0,0
"Ccp110 ENSMUSG00000033904",0,0,0,0,0,0,0,0,0,0,1,0,0,0
"Fgfr2 ENSMUSG00000030849",0,0,0,0,0,0,0,0,0,0,1,0,0,0
"Nkx6-2 ENSMUSG00000041309",0,0,0,0,0,0,0,0,0,0,1,0,0,0
"Taldo1 ENSMUSG00000025503",0,0,0,0,0,0,0,0,0,0,1,0,0,0
"Ado ENSMUSG00000057134",0,0,0,0,0,0,0,0,0,0,1,0,0,0
"Gamt ENSMUSG00000020150",0,0,0,0,0,0,0,0,0,0,1,0,0,0
"Lamp1 ENSMUSG00000031447",0,0,0,0,0,0,0,0,0,0,1,0,0,0
"Golga7 ENSMUSG00000015341",0,0,0,0,0,0,0,0,0,0,1,0,0,0
"Pllp ENSMUSG00000031775",0,0,0,0,0,0,0,0,0,0,1,0,0,0
"Fa2h ENSMUSG00000033579",0,0,0,0,0,0,0,0,0,0,1,0,0,0
"Cmtm5 ENSMUSG00000040759",0,0,0,0,0,0,0,0,0,0,1,0,0,0
"Pdlim2 ENSMUSG00000022090",0,0,0,0,0,0,0,0,0,0,1,0,0,0
"Lgi3 ENSMUSG00000033595",0,0,0,0,0,0,0,0,0,0,1,0,0,0
"Slain1 ENSMUSG00000055717",0,0,0,0,0,0,0,0,0,0,1,0,0,0
"S1pr5 ENSMUSG00000045087",0,0,0,0,0,0,0,0,0,0,1,0,0,0
"Anln ENSMUSG00000036777",0,0,0,0,0,0,0,0,0,0,1,0,0,0
"Jam3 ENSMUSG00000031990",0,0,0,0,0,0,0,0,0,0,1,0,0,0
"Phldb1 ENSMUSG00000048537",0,0,0,0,0,0,0,0,0,0,1,0,0,0
"Cryab ENSMUSG00000032060",0,0,0,0,0,0,0,0,0,0,1,0,0,0
"Trf ENSMUSG00000032554",0,0,0,0,0,0,0,0,0,0,1,0,0,0
"Gpr62 ENSMUSG00000091735",0,0,0,0,0,0,0,0,0,0,1,0,0,0
"Mobp ENSMUSG00000032517",0,0,0,0,0,0,0,0,0,0,1,0,0,0
"Gal3st1 ENSMUSG00000049721",0,0,0,0,0,0,0,0,0,0,1,0,0,0
"Gjc2 ENSMUSG00000043448",0,0,0,0,0,0,0,0,0,0,1,0,0,0
"Efnb3 ENSMUSG00000003934",0,0,0,0,0,0,0,0,0,0,1,0,0,0
"Wscd1 ENSMUSG00000020811",0,0,0,0,0,0,0,0,0,0,1,0,0,0
"Aspa ENSMUSG00000020774",0,0,0,0,0,0,0,0,0,0,1,0,0,0
"Evi2a ENSMUSG00000078771",0,0,0,0,0,0,0,0,0,0,1,0,0,0
"Cnp ENSMUSG00000006782",0,0,0,0,0,0,0,0,0,0,1,0,0,0
"Arsg ENSMUSG00000020604",0,0,0,0,0,0,0,0,0,0,1,0,0,0
"Ttyh2 ENSMUSG00000034714",0,0,0,0,0,0,0,0,0,0,1,0,0,0
"Serpinb1a ENSMUSG00000044734",0,0,0,0,0,0,0,0,0,0,1,0,0,0
"Foxn3 ENSMUSG00000033713",0,0,0,0,0,0,0,0,0,0,1,0,0,0
"Adssl1 ENSMUSG00000011148",0,0,0,0,0,0,0,0,0,0,1,0,0,0
"Pacs2 ENSMUSG00000021143",0,0,0,0,0,0,0,0,0,0,1,0,0,0
"Ndrg1 ENSMUSG00000005125",0,0,0,0,0,0,0,0,0,0,1,0,0,0
"Sox10 ENSMUSG00000033006",0,0,0,0,0,0,0,0,0,0,1,0,0,0
"Desi1 ENSMUSG00000022472",0,0,0,0,0,0,0,0,0,0,1,0,0,0
"Slc48a1 ENSMUSG00000081534",0,0,0,0,0,0,0,0,0,0,1,0,0,0
"Nmral1 ENSMUSG00000063445",0,0,0,0,0,0,0,0,0,0,1,0,0,0
"Carhsp1 ENSMUSG00000008393",0,0,0,0,0,0,0,0,0,0,1,0,0,0
"Litaf ENSMUSG00000022500",0,0,0,0,0,0,0,0,0,0,1,0,0,0
"Apod ENSMUSG00000022548",0,0,0,0,0,0,0,0,0,0,1,0,0,0
"Olig1 ENSMUSG00000046160",0,0,0,0,0,0,0,0,0,0,1,0,0,0
"Prr18 ENSMUSG00000055945",0,0,0,0,0,0,0,0,0,0,1,0,0,0
"Qk ENSMUSG00000062078",0,0,0,0,0,0,0,0,0,0,1,0,0,0
"Agpat4 ENSMUSG00000023827",0,0,0,0,0,0,0,0,0,0,1,0,0,0
"Mog ENSMUSG00000076439",0,0,0,0,0,0,0,0,0,0,1,0,0,0
"Tubb4a ENSMUSG00000062591",0,0,0,0,0,0,0,0,0,0,1,0,0,0
"Bin1 ENSMUSG00000024381",0,0,0,0,0,0,0,0,0,0,1,0,0,0
"Slc12a2 ENSMUSG00000024597",0,0,0,0,0,0,0,0,0,0,1,0,0,0
"Mbp ENSMUSG00000041607",0,0,0,0,0,0,0,0,0,0,1,0,0,0
"Frmd8 ENSMUSG00000024816",0,0,0,0,0,0,0,0,0,0,1,0,0,0
"Cdc42ep2 ENSMUSG00000045664",0,0,0,0,0,0,0,0,0,0,1,0,0,0
"Pla2g16 ENSMUSG00000060675",0,0,0,0,0,0,0,0,0,0,1,0,0,0
"Fth1 ENSMUSG00000024661",0,0,0,0,0,0,0,0,0,0,1,0,0,0
"Myrf ENSMUSG00000036098",0,0,0,0,0,0,0,0,0,0,1,0,0,0
"Psat1 ENSMUSG00000024640",0,0,0,0,0,0,0,0,0,0,1,0,0,0
"Il33 ENSMUSG00000024810",0,0,0,0,0,0,0,0,0,0,1,0,0,0
"Opalin ENSMUSG00000050121",0,0,0,0,0,0,0,0,0,0,1,0,0,0
"Gpr101 ENSMUSG00000036357",0,0,0,0,0,0,0,0,0,0,0,1,0,0
"Gabrq ENSMUSG00000031344",0,0,0,0,0,0,0,0,0,0,0,1,0,0
"Cited1 ENSMUSG00000051159",0,0,0,0,0,0,0,0,0,0,0,1,0,0
"Irs4 ENSMUSG00000054667",0,0,0,0,0,0,0,0,0,0,0,1,0,0
"Peg10 ENSMUSG00000092035",0,0,0,0,0,0,0,0,0,0,0,1,0,0
"Asb4 ENSMUSG00000042607",0,0,0,0,0,0,0,0,0,0,0,1,0,0
"Trh ENSMUSG00000005892",0,0,0,0,0,0,0,0,0,0,0,1,0,0
"Nts ENSMUSG00000019890",0,0,0,0,0,0,0,0,0,0,0,1,0,0
"Otp ENSMUSG00000021685",0,0,0,0,0,0,0,0,0,0,0,1,0,0
"Ngb ENSMUSG00000021032",0,0,0,0,0,0,0,0,0,0,0,1,0,0
"Dlk1 ENSMUSG00000040856",0,0,0,0,0,0,0,0,0,0,0,1,0,0
"Baiap3 ENSMUSG00000047507",0,0,0,0,0,0,0,0,0,0,0,1,0,0
"Col3a1 ENSMUSG00000026043",0,0,0,0,0,0,0,0,0,0,0,0,1,0
"Fmod ENSMUSG00000041559",0,0,0,0,0,0,0,0,0,0,0,0,1,0
"Cfh ENSMUSG00000026365",0,0,0,0,0,0,0,0,0,0,0,0,1,0
"Ptgds ENSMUSG00000015090",0,0,0,0,0,0,0,0,0,0,0,0,1,0
"Serping1 ENSMUSG00000023224",0,0,0,0,0,0,0,0,0,0,0,0,1,0
"Slc13a3 ENSMUSG00000018459",0,0,0,0,0,0,0,0,0,0,0,0,1,0
"Bmp7 ENSMUSG00000008999",0,0,0,0,0,0,0,0,0,0,0,0,1,0
"Cp ENSMUSG00000003617",0,0,0,0,0,0,0,0,0,0,0,0,1,0
"S100a11 ENSMUSG00000027907",0,0,0,0,0,0,0,0,0,0,0,0,1,0
"Spp1 ENSMUSG00000029304",0,0,0,0,0,0,0,0,0,0,0,0,1,0
"Tgfbr3 ENSMUSG00000029287",0,0,0,0,0,0,0,0,0,0,0,0,1,0
"Pcolce ENSMUSG00000029718",0,0,0,0,0,0,0,0,0,0,0,0,1,0
"Col1a2 ENSMUSG00000029661",0,0,0,0,0,0,0,0,0,0,0,0,1,0
"Slc13a4 ENSMUSG00000029843",0,0,0,0,0,0,0,0,0,0,0,0,1,0
"Slc6a13 ENSMUSG00000030108",0,0,0,0,0,0,0,0,0,0,0,0,1,0
"Mgp ENSMUSG00000030218",0,0,0,0,0,0,0,0,0,0,0,0,1,0
"Emp3 ENSMUSG00000040212",0,0,0,0,0,0,0,0,0,0,0,0,1,0
"Serpinh1 ENSMUSG00000070436",0,0,0,0,0,0,0,0,0,0,0,0,1,0
"Ifitm2 ENSMUSG00000060591",0,0,0,0,0,0,0,0,0,0,0,0,1,0
"Igf2 ENSMUSG00000048583",0,0,0,0,0,0,0,0,0,0,0,0,1,0
"Gjb2 ENSMUSG00000046352",0,0,0,0,0,0,0,0,0,0,0,0,1,0
"Islr ENSMUSG00000037206",0,0,0,0,0,0,0,0,0,0,0,0,1,0
"Aldh1a2 ENSMUSG00000013584",0,0,0,0,0,0,0,0,0,0,0,0,1,0
"Rbp1 ENSMUSG00000046402",0,0,0,0,0,0,0,0,0,0,0,0,1,0
"Slc6a20a ENSMUSG00000036814",0,0,0,0,0,0,0,0,0,0,0,0,1,0
"Aebp1 ENSMUSG00000020473",0,0,0,0,0,0,0,0,0,0,0,0,1,0
"Efemp1 ENSMUSG00000020467",0,0,0,0,0,0,0,0,0,0,0,0,1,0
"Vtn ENSMUSG00000017344",0,0,0,0,0,0,0,0,0,0,0,0,1,0
"Col1a1 ENSMUSG00000001506",0,0,0,0,0,0,0,0,0,0,0,0,1,0
"Foxc1 ENSMUSG00000050295",0,0,0,0,0,0,0,0,0,0,0,0,1,0
"Ogn ENSMUSG00000021390",0,0,0,0,0,0,0,0,0,0,0,0,1,0
"Dab2 ENSMUSG00000022150",0,0,0,0,0,0,0,0,0,0,0,0,1,0
"Fbln1 ENSMUSG00000006369",0,0,0,0,0,0,0,0,0,0,0,0,1,0
"Slc22a8 ENSMUSG00000063796",0,0,0,0,0,0,0,0,0,0,0,0,1,0
"Slc22a6 ENSMUSG00000024650",0,0,0,0,0,0,0,0,0,0,0,0,1,0
