,X,spots,cellCount
1,1,X29xx1,11
2,2,X31xx1,4
3,3,X32xx0,3
4,4,X23xx3,14
5,5,X28xx2,9
6,6,X39xx3,14
7,7,X41xx3,12
8,8,X43xx3,10
9,9,X44xx2,14
10,10,X45xx3,8
11,11,X47xx3,7
12,12,X48xx2,11
13,13,X49xx3,11
14,14,X51xx3,13
15,15,X53xx3,13
16,16,X55xx3,13
17,17,X57xx3,13
18,18,X17xx5,14
19,19,X18xx4,12
20,20,X19xx5,12
21,21,X21xx5,11
22,22,X22xx4,13
23,23,X23xx5,12
24,24,X24xx4,10
25,25,X25xx5,11
26,26,X27xx5,10
27,27,X29xx5,12
28,28,X31xx5,11
29,29,X33xx5,9
30,30,X35xx5,10
31,31,X36xx4,13
32,32,X37xx5,11
33,33,X38xx4,13
34,34,X39xx5,13
35,35,X40xx4,12
36,36,X41xx5,8
37,37,X42xx4,10
38,38,X43xx5,10
39,39,X44xx4,12
40,40,X45xx5,8
41,41,X46xx4,12
42,42,X47xx5,13
43,43,X48xx4,9
44,44,X49xx5,11
45,45,X50xx4,9
46,46,X51xx5,11
47,47,X52xx4,10
48,48,X53xx5,8
49,49,X54xx4,9
50,50,X55xx5,9
51,51,X56xx4,12
52,52,X57xx5,8
53,53,X58xx4,8
54,54,X59xx5,12
55,55,X60xx4,10
56,56,X61xx5,10
57,57,X62xx4,15
58,58,X63xx5,10
59,59,X64xx4,11
60,60,X65xx5,11
61,61,X66xx4,11
62,62,X67xx5,9
63,63,X69xx5,7
64,64,X71xx5,6
65,65,X17xx7,8
66,66,X18xx6,10
67,67,X19xx7,14
68,68,X20xx6,11
69,69,X21xx7,8
70,70,X22xx6,10
71,71,X23xx7,12
72,72,X24xx6,12
73,73,X25xx7,12
74,74,X26xx6,7
75,75,X27xx7,13
76,76,X28xx6,8
77,77,X29xx7,10
78,78,X30xx6,11
79,79,X31xx7,13
80,80,X32xx6,8
81,81,X33xx7,12
82,82,X34xx6,10
83,83,X35xx7,12
84,84,X36xx6,10
85,85,X37xx7,12
86,86,X38xx6,11
87,87,X39xx7,11
88,88,X40xx6,13
89,89,X41xx7,6
90,90,X42xx6,10
91,91,X43xx7,9
92,92,X44xx6,7
93,93,X45xx7,9
94,94,X46xx6,8
95,95,X47xx7,12
96,96,X48xx6,13
97,97,X49xx7,11
98,98,X50xx6,11
99,99,X51xx7,14
100,100,X52xx6,8
101,101,X53xx7,13
102,102,X54xx6,7
103,103,X55xx7,8
104,104,X56xx6,11
105,105,X57xx7,10
106,106,X58xx6,7
107,107,X59xx7,9
108,108,X60xx6,10
109,109,X61xx7,6
110,110,X62xx6,9
111,111,X63xx7,10
112,112,X64xx6,7
113,113,X65xx7,8
114,114,X66xx6,6
115,115,X67xx7,10
116,116,X68xx6,7
117,117,X69xx7,8
118,118,X70xx6,9
119,119,X71xx7,11
120,120,X72xx6,8
121,121,X73xx7,5
122,122,X74xx6,11
123,123,X75xx7,11
124,124,X76xx6,12
125,125,X77xx7,13
126,126,X79xx7,10
127,127,X81xx7,9
128,128,X17xx9,10
129,129,X18xx8,7
130,130,X19xx9,12
131,131,X20xx8,12
132,132,X21xx9,13
133,133,X22xx8,10
134,134,X23xx9,10
135,135,X24xx8,15
136,136,X25xx9,12
137,137,X26xx8,10
138,138,X27xx9,13
139,139,X28xx8,10
140,140,X29xx9,10
141,141,X30xx8,13
142,142,X31xx9,12
143,143,X32xx8,8
144,144,X33xx9,9
145,145,X34xx8,10
146,146,X35xx9,9
147,147,X36xx8,14
148,148,X37xx9,9
149,149,X38xx8,10
150,150,X39xx9,8
151,151,X40xx8,10
152,152,X41xx9,11
153,153,X42xx8,9
154,154,X43xx9,8
155,155,X44xx8,11
156,156,X45xx9,11
157,157,X46xx8,8
158,158,X47xx9,10
159,159,X48xx8,9
160,160,X49xx9,8
161,161,X50xx8,9
162,162,X51xx9,9
163,163,X52xx8,7
164,164,X53xx9,10
165,165,X54xx8,10
166,166,X55xx9,8
167,167,X56xx8,9
168,168,X57xx9,12
169,169,X58xx8,8
170,170,X59xx9,8
171,171,X60xx8,10
172,172,X61xx9,8
173,173,X62xx8,11
174,174,X63xx9,10
175,175,X64xx8,10
176,176,X65xx9,9
177,177,X66xx8,7
178,178,X67xx9,8
179,179,X68xx8,6
180,180,X69xx9,8
181,181,X70xx8,7
182,182,X71xx9,9
183,183,X72xx8,11
184,184,X73xx9,10
185,185,X74xx8,11
186,186,X75xx9,8
187,187,X76xx8,9
188,188,X77xx9,9
189,189,X78xx8,8
190,190,X79xx9,7
191,191,X80xx8,11
192,192,X81xx9,9
193,193,X82xx8,10
194,194,X83xx9,4
195,195,X84xx8,9
196,196,X85xx9,8
197,197,X87xx9,5
198,198,X89xx9,5
199,199,X17xx11,14
200,200,X18xx10,11
201,201,X19xx11,12
202,202,X20xx10,8
203,203,X21xx11,9
204,204,X22xx10,12
205,205,X23xx11,13
206,206,X24xx10,12
207,207,X25xx11,12
208,208,X26xx10,11
209,209,X27xx11,11
210,210,X28xx10,9
211,211,X29xx11,16
212,212,X30xx10,15
213,213,X31xx11,10
214,214,X32xx10,11
215,215,X33xx11,8
216,216,X34xx10,7
217,217,X35xx11,13
218,218,X36xx10,11
219,219,X37xx11,7
220,220,X38xx10,12
221,221,X39xx11,12
222,222,X40xx10,12
223,223,X41xx11,7
224,224,X42xx10,9
225,225,X43xx11,8
226,226,X44xx10,8
227,227,X45xx11,11
228,228,X46xx10,10
229,229,X47xx11,14
230,230,X48xx10,9
231,231,X49xx11,7
232,232,X50xx10,11
233,233,X51xx11,14
234,234,X52xx10,15
235,235,X53xx11,10
236,236,X54xx10,9
237,237,X55xx11,8
238,238,X56xx10,8
239,239,X57xx11,7
240,240,X58xx10,8
241,241,X59xx11,6
242,242,X60xx10,7
243,243,X61xx11,7
244,244,X62xx10,10
245,245,X63xx11,9
246,246,X64xx10,10
247,247,X65xx11,9
248,248,X66xx10,6
249,249,X67xx11,8
250,250,X68xx10,12
251,251,X69xx11,8
252,252,X70xx10,9
253,253,X71xx11,11
254,254,X72xx10,12
255,255,X73xx11,10
256,256,X74xx10,6
257,257,X75xx11,11
258,258,X76xx10,5
259,259,X77xx11,8
260,260,X78xx10,12
261,261,X79xx11,11
262,262,X80xx10,5
263,263,X81xx11,9
264,264,X82xx10,12
265,265,X83xx11,5
266,266,X84xx10,10
267,267,X85xx11,10
268,268,X86xx10,11
269,269,X87xx11,8
270,270,X88xx10,8
271,271,X89xx11,8
272,272,X90xx10,9
273,273,X91xx11,8
274,274,X92xx10,9
275,275,X93xx11,4
276,276,X95xx11,5
277,277,X17xx13,14
278,278,X18xx12,12
279,279,X19xx13,12
280,280,X20xx12,13
281,281,X21xx13,10
282,282,X22xx12,11
283,283,X23xx13,11
284,284,X24xx12,12
285,285,X25xx13,11
286,286,X26xx12,15
287,287,X27xx13,12
288,288,X28xx12,12
289,289,X29xx13,10
290,290,X30xx12,9
291,291,X31xx13,12
292,292,X32xx12,14
293,293,X33xx13,11
294,294,X34xx12,10
295,295,X35xx13,13
296,296,X36xx12,10
297,297,X37xx13,10
298,298,X38xx12,13
299,299,X39xx13,12
300,300,X40xx12,13
301,301,X41xx13,13
302,302,X42xx12,10
303,303,X43xx13,10
304,304,X44xx12,9
305,305,X45xx13,10
306,306,X46xx12,10
307,307,X47xx13,8
308,308,X48xx12,11
309,309,X49xx13,14
310,310,X50xx12,10
311,311,X51xx13,10
312,312,X52xx12,8
313,313,X53xx13,6
314,314,X54xx12,12
315,315,X55xx13,12
316,316,X56xx12,10
317,317,X57xx13,12
318,318,X58xx12,9
319,319,X59xx13,9
320,320,X60xx12,12
321,321,X61xx13,14
322,322,X62xx12,8
323,323,X63xx13,9
324,324,X64xx12,10
325,325,X65xx13,11
326,326,X66xx12,11
327,327,X67xx13,7
328,328,X68xx12,9
329,329,X69xx13,8
330,330,X70xx12,8
331,331,X71xx13,8
332,332,X72xx12,10
333,333,X73xx13,7
334,334,X74xx12,5
335,335,X75xx13,5
336,336,X76xx12,11
337,337,X77xx13,11
338,338,X78xx12,6
339,339,X79xx13,6
340,340,X80xx12,8
341,341,X81xx13,11
342,342,X82xx12,10
343,343,X83xx13,8
344,344,X84xx12,5
345,345,X85xx13,10
346,346,X86xx12,9
347,347,X87xx13,14
348,348,X88xx12,11
349,349,X89xx13,9
350,350,X90xx12,10
351,351,X91xx13,10
352,352,X92xx12,12
353,353,X93xx13,7
354,354,X94xx12,12
355,355,X17xx15,12
356,356,X18xx14,12
357,357,X19xx15,13
358,358,X20xx14,10
359,359,X21xx15,9
360,360,X22xx14,13
361,361,X23xx15,10
362,362,X24xx14,10
363,363,X25xx15,13
364,364,X26xx14,14
365,365,X27xx15,11
366,366,X28xx14,8
367,367,X29xx15,10
368,368,X30xx14,10
369,369,X31xx15,10
370,370,X32xx14,11
371,371,X33xx15,11
372,372,X34xx14,10
373,373,X35xx15,11
374,374,X36xx14,10
375,375,X37xx15,11
376,376,X38xx14,10
377,377,X39xx15,8
378,378,X40xx14,10
379,379,X41xx15,15
380,380,X42xx14,14
381,381,X43xx15,15
382,382,X44xx14,9
383,383,X45xx15,16
384,384,X46xx14,11
385,385,X47xx15,13
386,386,X48xx14,9
387,387,X49xx15,11
388,388,X50xx14,9
389,389,X51xx15,10
390,390,X52xx14,12
391,391,X53xx15,12
392,392,X54xx14,13
393,393,X55xx15,8
394,394,X56xx14,11
395,395,X57xx15,11
396,396,X58xx14,11
397,397,X59xx15,6
398,398,X60xx14,9
399,399,X61xx15,10
400,400,X62xx14,11
401,401,X63xx15,12
402,402,X64xx14,7
403,403,X65xx15,10
404,404,X66xx14,8
405,405,X67xx15,10
406,406,X68xx14,10
407,407,X69xx15,9
408,408,X70xx14,8
409,409,X71xx15,8
410,410,X72xx14,8
411,411,X73xx15,8
412,412,X74xx14,8
413,413,X75xx15,5
414,414,X76xx14,10
415,415,X77xx15,9
416,416,X78xx14,6
417,417,X79xx15,5
418,418,X80xx14,9
419,419,X81xx15,6
420,420,X82xx14,11
421,421,X83xx15,8
422,422,X84xx14,12
423,423,X85xx15,9
424,424,X86xx14,8
425,425,X87xx15,11
426,426,X88xx14,5
427,427,X89xx15,8
428,428,X90xx14,7
429,429,X91xx15,10
430,430,X92xx14,10
431,431,X93xx15,8
432,432,X94xx14,7
433,433,X95xx15,7
434,434,X97xx15,5
435,435,X15xx17,16
436,436,X17xx17,11
437,437,X18xx16,10
438,438,X19xx17,11
439,439,X20xx16,11
440,440,X21xx17,10
441,441,X22xx16,8
442,442,X23xx17,11
443,443,X24xx16,13
444,444,X25xx17,16
445,445,X26xx16,11
446,446,X27xx17,16
447,447,X28xx16,14
448,448,X29xx17,13
449,449,X30xx16,11
450,450,X31xx17,9
451,451,X32xx16,8
452,452,X33xx17,12
453,453,X34xx16,12
454,454,X35xx17,14
455,455,X36xx16,12
456,456,X37xx17,15
457,457,X38xx16,13
458,458,X39xx17,14
459,459,X40xx16,13
460,460,X41xx17,16
461,461,X42xx16,15
462,462,X43xx17,9
463,463,X44xx16,14
464,464,X45xx17,11
465,465,X46xx16,14
466,466,X47xx17,13
467,467,X48xx16,7
468,468,X49xx17,13
469,469,X50xx16,11
470,470,X51xx17,15
471,471,X52xx16,16
472,472,X53xx17,14
473,473,X54xx16,11
474,474,X55xx17,13
475,475,X56xx16,16
476,476,X57xx17,14
477,477,X58xx16,12
478,478,X59xx17,11
479,479,X60xx16,11
480,480,X61xx17,8
481,481,X62xx16,8
482,482,X63xx17,10
483,483,X64xx16,12
484,484,X65xx17,11
485,485,X66xx16,6
486,486,X67xx17,8
487,487,X68xx16,12
488,488,X69xx17,7
489,489,X70xx16,9
490,490,X71xx17,8
491,491,X72xx16,11
492,492,X73xx17,8
493,493,X74xx16,9
494,494,X75xx17,11
495,495,X76xx16,8
496,496,X77xx17,9
497,497,X78xx16,10
498,498,X79xx17,10
499,499,X80xx16,8
500,500,X81xx17,8
501,501,X82xx16,9
502,502,X83xx17,8
503,503,X84xx16,8
504,504,X85xx17,11
505,505,X86xx16,9
506,506,X87xx17,12
507,507,X88xx16,9
508,508,X89xx17,10
509,509,X90xx16,9
510,510,X91xx17,11
511,511,X92xx16,5
512,512,X93xx17,9
513,513,X94xx16,7
514,514,X95xx17,9
515,515,X96xx16,9
516,516,X97xx17,8
517,517,X16xx18,15
518,518,X17xx19,11
519,519,X18xx18,11
520,520,X19xx19,14
521,521,X20xx18,13
522,522,X21xx19,8
523,523,X22xx18,14
524,524,X23xx19,12
525,525,X24xx18,14
526,526,X25xx19,11
527,527,X26xx18,15
528,528,X27xx19,13
529,529,X28xx18,10
530,530,X29xx19,14
531,531,X30xx18,16
532,532,X31xx19,11
533,533,X32xx18,7
534,534,X33xx19,15
535,535,X34xx18,15
536,536,X35xx19,19
537,537,X36xx18,10
538,538,X37xx19,7
539,539,X38xx18,11
540,540,X39xx19,8
541,541,X40xx18,14
542,542,X41xx19,10
543,543,X42xx18,18
544,544,X43xx19,17
545,545,X44xx18,13
546,546,X45xx19,13
547,547,X46xx18,14
548,548,X47xx19,14
549,549,X48xx18,12
550,550,X49xx19,13
551,551,X50xx18,15
552,552,X51xx19,14
553,553,X52xx18,10
554,554,X53xx19,11
555,555,X54xx18,13
556,556,X55xx19,11
557,557,X56xx18,9
558,558,X57xx19,15
559,559,X58xx18,13
560,560,X59xx19,13
561,561,X60xx18,8
562,562,X61xx19,6
563,563,X62xx18,13
564,564,X63xx19,7
565,565,X64xx18,6
566,566,X65xx19,10
567,567,X66xx18,8
568,568,X67xx19,7
569,569,X68xx18,11
570,570,X69xx19,8
571,571,X70xx18,10
572,572,X71xx19,7
573,573,X72xx18,7
574,574,X73xx19,9
575,575,X74xx18,12
576,576,X75xx19,11
577,577,X76xx18,10
578,578,X77xx19,11
579,579,X78xx18,12
580,580,X79xx19,10
581,581,X80xx18,9
582,582,X81xx19,10
583,583,X82xx18,8
584,584,X83xx19,9
585,585,X84xx18,7
586,586,X85xx19,5
587,587,X86xx18,10
588,588,X87xx19,7
589,589,X88xx18,10
590,590,X89xx19,9
591,591,X90xx18,10
592,592,X91xx19,11
593,593,X92xx18,13
594,594,X93xx19,6
595,595,X94xx18,8
596,596,X95xx19,7
597,597,X96xx18,6
598,598,X97xx19,10
599,599,X98xx18,9
600,600,X99xx19,10
601,601,X17xx21,8
602,602,X18xx20,16
603,603,X19xx21,12
604,604,X20xx20,10
605,605,X21xx21,12
606,606,X22xx20,13
607,607,X23xx21,12
608,608,X24xx20,10
609,609,X25xx21,16
610,610,X26xx20,10
611,611,X27xx21,14
612,612,X28xx20,13
613,613,X29xx21,13
614,614,X30xx20,15
615,615,X31xx21,19
616,616,X32xx20,15
617,617,X33xx21,9
618,618,X34xx20,12
619,619,X35xx21,13
620,620,X36xx20,12
621,621,X37xx21,14
622,622,X38xx20,17
623,623,X39xx21,9
624,624,X40xx20,16
625,625,X41xx21,14
626,626,X42xx20,11
627,627,X43xx21,11
628,628,X44xx20,12
629,629,X45xx21,13
630,630,X46xx20,10
631,631,X47xx21,7
632,632,X48xx20,13
633,633,X49xx21,13
634,634,X50xx20,13
635,635,X51xx21,9
636,636,X52xx20,14
637,637,X53xx21,13
638,638,X54xx20,15
639,639,X55xx21,11
640,640,X56xx20,15
641,641,X57xx21,8
642,642,X58xx20,10
643,643,X59xx21,10
644,644,X60xx20,15
645,645,X61xx21,4
646,646,X62xx20,12
647,647,X63xx21,7
648,648,X64xx20,8
649,649,X65xx21,8
650,650,X66xx20,7
651,651,X67xx21,9
652,652,X68xx20,7
653,653,X69xx21,11
654,654,X70xx20,12
655,655,X71xx21,8
656,656,X72xx20,5
657,657,X73xx21,7
658,658,X74xx20,11
659,659,X75xx21,9
660,660,X76xx20,13
661,661,X77xx21,11
662,662,X78xx20,10
663,663,X79xx21,10
664,664,X80xx20,11
665,665,X81xx21,10
666,666,X82xx20,10
667,667,X83xx21,7
668,668,X84xx20,9
669,669,X85xx21,8
670,670,X86xx20,11
671,671,X87xx21,12
672,672,X88xx20,9
673,673,X89xx21,7
674,674,X90xx20,8
675,675,X91xx21,13
676,676,X92xx20,8
677,677,X93xx21,6
678,678,X94xx20,10
679,679,X95xx21,9
680,680,X96xx20,8
681,681,X97xx21,7
682,682,X98xx20,7
683,683,X99xx21,9
684,684,X100xx20,12
685,685,X101xx21,13
686,686,X17xx23,14
687,687,X18xx22,8
688,688,X19xx23,12
689,689,X20xx22,12
690,690,X21xx23,14
691,691,X22xx22,13
692,692,X23xx23,12
693,693,X24xx22,16
694,694,X25xx23,12
695,695,X26xx22,11
696,696,X27xx23,15
697,697,X28xx22,11
698,698,X29xx23,13
699,699,X30xx22,10
700,700,X31xx23,12
701,701,X32xx22,10
702,702,X33xx23,13
703,703,X34xx22,12
704,704,X35xx23,12
705,705,X36xx22,9
706,706,X37xx23,8
707,707,X38xx22,13
708,708,X39xx23,14
709,709,X40xx22,7
710,710,X41xx23,12
711,711,X42xx22,9
712,712,X43xx23,9
713,713,X44xx22,13
714,714,X45xx23,10
715,715,X46xx22,10
716,716,X47xx23,13
717,717,X48xx22,15
718,718,X49xx23,9
719,719,X50xx22,9
720,720,X51xx23,8
721,721,X52xx22,11
722,722,X53xx23,12
723,723,X54xx22,9
724,724,X55xx23,12
725,725,X56xx22,19
726,726,X57xx23,10
727,727,X58xx22,11
728,728,X59xx23,11
729,729,X60xx22,11
730,730,X61xx23,14
731,731,X62xx22,7
732,732,X63xx23,7
733,733,X64xx22,12
734,734,X65xx23,14
735,735,X66xx22,7
736,736,X67xx23,10
737,737,X68xx22,10
738,738,X69xx23,9
739,739,X70xx22,7
740,740,X71xx23,11
741,741,X72xx22,10
742,742,X73xx23,12
743,743,X74xx22,10
744,744,X75xx23,10
745,745,X76xx22,10
746,746,X77xx23,11
747,747,X78xx22,9
748,748,X79xx23,9
749,749,X80xx22,11
750,750,X81xx23,12
751,751,X82xx22,10
752,752,X83xx23,7
753,753,X84xx22,7
754,754,X85xx23,7
755,755,X86xx22,8
756,756,X87xx23,10
757,757,X88xx22,10
758,758,X89xx23,8
759,759,X90xx22,12
760,760,X91xx23,9
761,761,X92xx22,9
762,762,X93xx23,9
763,763,X94xx22,11
764,764,X95xx23,12
765,765,X96xx22,9
766,766,X97xx23,8
767,767,X98xx22,10
768,768,X99xx23,12
769,769,X100xx22,12
770,770,X101xx23,6
771,771,X102xx22,0
772,772,X17xx25,9
773,773,X18xx24,14
774,774,X19xx25,13
775,775,X20xx24,12
776,776,X21xx25,16
777,777,X22xx24,11
778,778,X23xx25,15
779,779,X24xx24,11
780,780,X25xx25,16
781,781,X26xx24,16
782,782,X27xx25,9
783,783,X28xx24,11
784,784,X29xx25,18
785,785,X30xx24,11
786,786,X31xx25,11
787,787,X32xx24,6
788,788,X33xx25,13
789,789,X34xx24,13
790,790,X35xx25,11
791,791,X36xx24,17
792,792,X37xx25,12
793,793,X38xx24,11
794,794,X39xx25,14
795,795,X40xx24,9
796,796,X41xx25,9
797,797,X42xx24,8
798,798,X43xx25,8
799,799,X44xx24,10
800,800,X45xx25,12
801,801,X46xx24,6
802,802,X47xx25,11
803,803,X48xx24,8
804,804,X49xx25,5
805,805,X50xx24,8
806,806,X51xx25,16
807,807,X52xx24,11
808,808,X53xx25,12
809,809,X54xx24,13
810,810,X55xx25,11
811,811,X56xx24,9
812,812,X57xx25,7
813,813,X58xx24,7
814,814,X59xx25,11
815,815,X60xx24,14
816,816,X61xx25,10
817,817,X62xx24,12
818,818,X63xx25,10
819,819,X64xx24,12
820,820,X65xx25,8
821,821,X66xx24,13
822,822,X67xx25,10
823,823,X68xx24,7
824,824,X69xx25,11
825,825,X70xx24,8
826,826,X71xx25,6
827,827,X72xx24,10
828,828,X73xx25,10
829,829,X74xx24,10
830,830,X75xx25,8
831,831,X76xx24,7
832,832,X77xx25,10
833,833,X78xx24,8
834,834,X79xx25,9
835,835,X80xx24,11
836,836,X81xx25,10
837,837,X82xx24,10
838,838,X83xx25,10
839,839,X84xx24,9
840,840,X85xx25,9
841,841,X86xx24,10
842,842,X87xx25,7
843,843,X88xx24,7
844,844,X89xx25,9
845,845,X90xx24,10
846,846,X91xx25,6
847,847,X92xx24,12
848,848,X93xx25,9
849,849,X94xx24,8
850,850,X95xx25,11
851,851,X96xx24,10
852,852,X97xx25,8
853,853,X98xx24,11
854,854,X99xx25,10
855,855,X100xx24,11
856,856,X101xx25,12
857,857,X17xx27,15
858,858,X18xx26,12
859,859,X19xx27,9
860,860,X20xx26,17
861,861,X21xx27,12
862,862,X22xx26,13
863,863,X23xx27,9
864,864,X24xx26,16
865,865,X25xx27,8
866,866,X26xx26,11
867,867,X27xx27,12
868,868,X28xx26,13
869,869,X29xx27,12
870,870,X30xx26,15
871,871,X31xx27,9
872,872,X32xx26,11
873,873,X33xx27,11
874,874,X34xx26,7
875,875,X35xx27,11
876,876,X36xx26,8
877,877,X37xx27,14
878,878,X38xx26,11
879,879,X39xx27,11
880,880,X40xx26,13
881,881,X41xx27,19
882,882,X42xx26,14
883,883,X43xx27,9
884,884,X44xx26,12
885,885,X45xx27,10
886,886,X46xx26,12
887,887,X47xx27,11
888,888,X48xx26,9
889,889,X49xx27,11
890,890,X50xx26,12
891,891,X51xx27,9
892,892,X52xx26,8
893,893,X53xx27,12
894,894,X54xx26,10
895,895,X55xx27,13
896,896,X56xx26,10
897,897,X57xx27,7
898,898,X58xx26,8
899,899,X59xx27,9
900,900,X60xx26,13
901,901,X61xx27,11
902,902,X62xx26,11
903,903,X63xx27,18
904,904,X64xx26,4
905,905,X65xx27,12
906,906,X66xx26,12
907,907,X67xx27,9
908,908,X68xx26,12
909,909,X69xx27,7
910,910,X70xx26,9
911,911,X71xx27,15
912,912,X72xx26,7
913,913,X73xx27,3
914,914,X74xx26,8
915,915,X75xx27,8
916,916,X76xx26,8
917,917,X77xx27,8
918,918,X78xx26,9
919,919,X79xx27,7
920,920,X80xx26,10
921,921,X81xx27,10
922,922,X82xx26,10
923,923,X83xx27,9
924,924,X84xx26,5
925,925,X85xx27,5
926,926,X86xx26,12
927,927,X87xx27,11
928,928,X88xx26,10
929,929,X89xx27,10
930,930,X90xx26,11
931,931,X91xx27,10
932,932,X92xx26,10
933,933,X93xx27,7
934,934,X94xx26,8
935,935,X95xx27,10
936,936,X96xx26,9
937,937,X97xx27,12
938,938,X98xx26,11
939,939,X99xx27,11
940,940,X100xx26,9
941,941,X101xx27,9
942,942,X102xx26,8
943,943,X18xx28,14
944,944,X19xx29,7
945,945,X20xx28,12
946,946,X21xx29,9
947,947,X22xx28,2
948,948,X23xx29,12
949,949,X24xx28,0
950,950,X25xx29,16
951,951,X26xx28,4
952,952,X27xx29,11
953,953,X28xx28,12
954,954,X29xx29,11
955,955,X30xx28,10
956,956,X31xx29,12
957,957,X32xx28,10
958,958,X33xx29,12
959,959,X34xx28,10
960,960,X35xx29,11
961,961,X36xx28,8
962,962,X37xx29,7
963,963,X38xx28,11
964,964,X39xx29,11
965,965,X40xx28,12
966,966,X41xx29,10
967,967,X42xx28,12
968,968,X43xx29,8
969,969,X44xx28,13
970,970,X45xx29,10
971,971,X46xx28,10
972,972,X47xx29,9
973,973,X48xx28,12
974,974,X49xx29,7
975,975,X50xx28,11
976,976,X51xx29,6
977,977,X52xx28,9
978,978,X53xx29,10
979,979,X54xx28,6
980,980,X55xx29,11
981,981,X56xx28,12
982,982,X57xx29,9
983,983,X58xx28,8
984,984,X59xx29,10
985,985,X60xx28,13
986,986,X61xx29,9
987,987,X62xx28,10
988,988,X63xx29,10
989,989,X64xx28,11
990,990,X65xx29,12
991,991,X66xx28,10
992,992,X67xx29,9
993,993,X68xx28,11
994,994,X69xx29,10
995,995,X70xx28,8
996,996,X71xx29,10
997,997,X72xx28,8
998,998,X73xx29,10
999,999,X74xx28,9
1000,1000,X75xx29,5
1001,1001,X76xx28,12
1002,1002,X77xx29,9
1003,1003,X78xx28,10
1004,1004,X79xx29,11
1005,1005,X80xx28,10
1006,1006,X81xx29,8
1007,1007,X82xx28,7
1008,1008,X83xx29,10
1009,1009,X84xx28,9
1010,1010,X85xx29,10
1011,1011,X86xx28,8
1012,1012,X87xx29,11
1013,1013,X88xx28,10
1014,1014,X89xx29,12
1015,1015,X90xx28,9
1016,1016,X91xx29,9
1017,1017,X92xx28,7
1018,1018,X93xx29,8
1019,1019,X94xx28,11
1020,1020,X95xx29,8
1021,1021,X96xx28,9
1022,1022,X97xx29,9
1023,1023,X98xx28,10
1024,1024,X99xx29,11
1025,1025,X100xx28,11
1026,1026,X101xx29,10
1027,1027,X102xx28,11
1028,1028,X103xx29,10
1029,1029,X105xx29,3
1030,1030,X18xx30,16
1031,1031,X19xx31,13
1032,1032,X20xx30,14
1033,1033,X21xx31,9
1034,1034,X22xx30,10
1035,1035,X23xx31,11
1036,1036,X24xx30,11
1037,1037,X25xx31,10
1038,1038,X26xx30,11
1039,1039,X27xx31,11
1040,1040,X28xx30,10
1041,1041,X29xx31,11
1042,1042,X30xx30,8
1043,1043,X31xx31,12
1044,1044,X32xx30,5
1045,1045,X33xx31,15
1046,1046,X34xx30,9
1047,1047,X35xx31,10
1048,1048,X36xx30,12
1049,1049,X37xx31,10
1050,1050,X38xx30,10
1051,1051,X39xx31,12
1052,1052,X40xx30,9
1053,1053,X41xx31,10
1054,1054,X42xx30,10
1055,1055,X43xx31,12
1056,1056,X44xx30,12
1057,1057,X45xx31,9
1058,1058,X46xx30,12
1059,1059,X47xx31,10
1060,1060,X48xx30,8
1061,1061,X49xx31,10
1062,1062,X50xx30,10
1063,1063,X51xx31,14
1064,1064,X52xx30,6
1065,1065,X53xx31,12
1066,1066,X54xx30,8
1067,1067,X55xx31,9
1068,1068,X56xx30,12
1069,1069,X57xx31,8
1070,1070,X58xx30,16
1071,1071,X59xx31,9
1072,1072,X60xx30,9
1073,1073,X61xx31,10
1074,1074,X62xx30,10
1075,1075,X63xx31,11
1076,1076,X64xx30,8
1077,1077,X65xx31,7
1078,1078,X66xx30,9
1079,1079,X67xx31,9
1080,1080,X68xx30,12
1081,1081,X69xx31,10
1082,1082,X70xx30,7
1083,1083,X71xx31,10
1084,1084,X72xx30,12
1085,1085,X73xx31,6
1086,1086,X74xx30,9
1087,1087,X75xx31,11
1088,1088,X76xx30,10
1089,1089,X77xx31,6
1090,1090,X78xx30,7
1091,1091,X79xx31,5
1092,1092,X80xx30,7
1093,1093,X81xx31,10
1094,1094,X82xx30,10
1095,1095,X83xx31,10
1096,1096,X84xx30,10
1097,1097,X85xx31,12
1098,1098,X86xx30,8
1099,1099,X87xx31,9
1100,1100,X88xx30,7
1101,1101,X89xx31,11
1102,1102,X90xx30,7
1103,1103,X91xx31,7
1104,1104,X92xx30,11
1105,1105,X93xx31,9
1106,1106,X94xx30,9
1107,1107,X95xx31,11
1108,1108,X96xx30,8
1109,1109,X97xx31,9
1110,1110,X98xx30,8
1111,1111,X99xx31,8
1112,1112,X100xx30,9
1113,1113,X101xx31,11
1114,1114,X102xx30,13
1115,1115,X103xx31,6
1116,1116,X104xx30,6
1117,1117,X105xx31,11
1118,1118,X17xx33,15
1119,1119,X18xx32,10
1120,1120,X19xx33,12
1121,1121,X20xx32,11
1122,1122,X21xx33,13
1123,1123,X22xx32,13
1124,1124,X23xx33,13
1125,1125,X24xx32,7
1126,1126,X25xx33,9
1127,1127,X26xx32,9
1128,1128,X27xx33,10
1129,1129,X28xx32,12
1130,1130,X29xx33,12
1131,1131,X30xx32,14
1132,1132,X31xx33,11
1133,1133,X32xx32,14
1134,1134,X33xx33,11
1135,1135,X34xx32,8
1136,1136,X35xx33,11
1137,1137,X36xx32,9
1138,1138,X37xx33,8
1139,1139,X38xx32,11
1140,1140,X39xx33,13
1141,1141,X40xx32,10
1142,1142,X41xx33,15
1143,1143,X42xx32,13
1144,1144,X43xx33,10
1145,1145,X44xx32,10
1146,1146,X45xx33,13
1147,1147,X46xx32,10
1148,1148,X47xx33,12
1149,1149,X48xx32,10
1150,1150,X49xx33,15
1151,1151,X50xx32,11
1152,1152,X51xx33,10
1153,1153,X52xx32,10
1154,1154,X53xx33,9
1155,1155,X54xx32,10
1156,1156,X55xx33,10
1157,1157,X56xx32,10
1158,1158,X57xx33,15
1159,1159,X58xx32,10
1160,1160,X59xx33,14
1161,1161,X60xx32,9
1162,1162,X61xx33,8
1163,1163,X62xx32,10
1164,1164,X63xx33,7
1165,1165,X64xx32,13
1166,1166,X65xx33,11
1167,1167,X66xx32,10
1168,1168,X67xx33,11
1169,1169,X68xx32,5
1170,1170,X69xx33,7
1171,1171,X70xx32,10
1172,1172,X71xx33,12
1173,1173,X72xx32,8
1174,1174,X73xx33,9
1175,1175,X74xx32,9
1176,1176,X75xx33,5
1177,1177,X76xx32,8
1178,1178,X77xx33,6
1179,1179,X78xx32,10
1180,1180,X79xx33,8
1181,1181,X80xx32,10
1182,1182,X81xx33,7
1183,1183,X82xx32,6
1184,1184,X83xx33,10
1185,1185,X84xx32,5
1186,1186,X85xx33,6
1187,1187,X86xx32,10
1188,1188,X87xx33,10
1189,1189,X88xx32,8
1190,1190,X89xx33,8
1191,1191,X90xx32,7
1192,1192,X91xx33,8
1193,1193,X92xx32,9
1194,1194,X93xx33,8
1195,1195,X94xx32,7
1196,1196,X95xx33,8
1197,1197,X96xx32,7
1198,1198,X97xx33,9
1199,1199,X98xx32,10
1200,1200,X99xx33,9
1201,1201,X100xx32,9
1202,1202,X101xx33,9
1203,1203,X102xx32,10
1204,1204,X103xx33,10
1205,1205,X104xx32,9
1206,1206,X105xx33,6
1207,1207,X106xx32,10
1208,1208,X107xx33,0
1209,1209,X16xx34,8
1210,1210,X17xx35,8
1211,1211,X18xx34,14
1212,1212,X19xx35,12
1213,1213,X20xx34,15
1214,1214,X21xx35,10
1215,1215,X22xx34,10
1216,1216,X23xx35,15
1217,1217,X24xx34,18
1218,1218,X25xx35,11
1219,1219,X26xx34,11
1220,1220,X27xx35,12
1221,1221,X28xx34,11
1222,1222,X29xx35,9
1223,1223,X30xx34,10
1224,1224,X31xx35,11
1225,1225,X32xx34,8
1226,1226,X33xx35,11
1227,1227,X34xx34,10
1228,1228,X35xx35,10
1229,1229,X36xx34,10
1230,1230,X37xx35,11
1231,1231,X38xx34,11
1232,1232,X39xx35,10
1233,1233,X40xx34,12
1234,1234,X41xx35,10
1235,1235,X42xx34,8
1236,1236,X43xx35,12
1237,1237,X44xx34,12
1238,1238,X45xx35,8
1239,1239,X46xx34,11
1240,1240,X47xx35,11
1241,1241,X48xx34,11
1242,1242,X49xx35,11
1243,1243,X50xx34,15
1244,1244,X51xx35,6
1245,1245,X52xx34,9
1246,1246,X53xx35,8
1247,1247,X54xx34,9
1248,1248,X55xx35,12
1249,1249,X56xx34,7
1250,1250,X57xx35,8
1251,1251,X58xx34,10
1252,1252,X59xx35,11
1253,1253,X60xx34,10
1254,1254,X61xx35,8
1255,1255,X62xx34,10
1256,1256,X63xx35,8
1257,1257,X64xx34,8
1258,1258,X65xx35,7
1259,1259,X66xx34,6
1260,1260,X67xx35,8
1261,1261,X68xx34,7
1262,1262,X69xx35,9
1263,1263,X70xx34,12
1264,1264,X71xx35,7
1265,1265,X72xx34,5
1266,1266,X73xx35,5
1267,1267,X74xx34,10
1268,1268,X75xx35,11
1269,1269,X76xx34,9
1270,1270,X77xx35,8
1271,1271,X78xx34,7
1272,1272,X79xx35,9
1273,1273,X80xx34,9
1274,1274,X81xx35,9
1275,1275,X82xx34,12
1276,1276,X83xx35,6
1277,1277,X84xx34,9
1278,1278,X85xx35,7
1279,1279,X86xx34,9
1280,1280,X87xx35,6
1281,1281,X88xx34,11
1282,1282,X89xx35,13
1283,1283,X90xx34,8
1284,1284,X91xx35,9
1285,1285,X92xx34,7
1286,1286,X93xx35,12
1287,1287,X94xx34,10
1288,1288,X95xx35,9
1289,1289,X96xx34,10
1290,1290,X97xx35,8
1291,1291,X98xx34,8
1292,1292,X99xx35,7
1293,1293,X100xx34,10
1294,1294,X101xx35,9
1295,1295,X102xx34,8
1296,1296,X103xx35,8
1297,1297,X104xx34,6
1298,1298,X105xx35,10
1299,1299,X106xx34,8
1300,1300,X15xx37,10
1301,1301,X16xx36,11
1302,1302,X17xx37,12
1303,1303,X18xx36,10
1304,1304,X19xx37,11
1305,1305,X20xx36,10
1306,1306,X21xx37,8
1307,1307,X22xx36,15
1308,1308,X23xx37,13
1309,1309,X24xx36,11
1310,1310,X25xx37,12
1311,1311,X26xx36,9
1312,1312,X27xx37,11
1313,1313,X28xx36,10
1314,1314,X29xx37,15
1315,1315,X30xx36,11
1316,1316,X31xx37,15
1317,1317,X32xx36,12
1318,1318,X33xx37,14
1319,1319,X34xx36,11
1320,1320,X35xx37,10
1321,1321,X36xx36,7
1322,1322,X37xx37,9
1323,1323,X38xx36,10
1324,1324,X39xx37,12
1325,1325,X40xx36,8
1326,1326,X41xx37,8
1327,1327,X42xx36,12
1328,1328,X43xx37,10
1329,1329,X44xx36,10
1330,1330,X45xx37,10
1331,1331,X46xx36,11
1332,1332,X47xx37,8
1333,1333,X48xx36,12
1334,1334,X49xx37,8
1335,1335,X50xx36,12
1336,1336,X51xx37,12
1337,1337,X52xx36,10
1338,1338,X53xx37,9
1339,1339,X54xx36,11
1340,1340,X55xx37,11
1341,1341,X56xx36,14
1342,1342,X57xx37,8
1343,1343,X58xx36,10
1344,1344,X59xx37,11
1345,1345,X60xx36,12
1346,1346,X61xx37,11
1347,1347,X62xx36,10
1348,1348,X63xx37,12
1349,1349,X64xx36,11
1350,1350,X65xx37,7
1351,1351,X66xx36,7
1352,1352,X67xx37,7
1353,1353,X68xx36,5
1354,1354,X69xx37,8
1355,1355,X70xx36,7
1356,1356,X71xx37,11
1357,1357,X72xx36,10
1358,1358,X73xx37,15
1359,1359,X74xx36,11
1360,1360,X75xx37,4
1361,1361,X76xx36,10
1362,1362,X77xx37,9
1363,1363,X78xx36,9
1364,1364,X79xx37,10
1365,1365,X80xx36,6
1366,1366,X81xx37,11
1367,1367,X82xx36,8
1368,1368,X83xx37,6
1369,1369,X84xx36,7
1370,1370,X85xx37,6
1371,1371,X86xx36,9
1372,1372,X87xx37,6
1373,1373,X88xx36,9
1374,1374,X89xx37,7
1375,1375,X90xx36,11
1376,1376,X91xx37,14
1377,1377,X92xx36,8
1378,1378,X93xx37,5
1379,1379,X94xx36,8
1380,1380,X95xx37,9
1381,1381,X96xx36,10
1382,1382,X97xx37,11
1383,1383,X98xx36,11
1384,1384,X99xx37,11
1385,1385,X100xx36,7
1386,1386,X101xx37,11
1387,1387,X102xx36,10
1388,1388,X103xx37,7
1389,1389,X104xx36,9
1390,1390,X105xx37,11
1391,1391,X106xx36,9
1392,1392,X16xx38,6
1393,1393,X17xx39,10
1394,1394,X18xx38,11
1395,1395,X19xx39,9
1396,1396,X20xx38,12
1397,1397,X21xx39,12
1398,1398,X22xx38,14
1399,1399,X23xx39,14
1400,1400,X24xx38,11
1401,1401,X25xx39,10
1402,1402,X26xx38,12
1403,1403,X27xx39,9
1404,1404,X28xx38,12
1405,1405,X29xx39,12
1406,1406,X30xx38,9
1407,1407,X31xx39,10
1408,1408,X32xx38,14
1409,1409,X33xx39,12
1410,1410,X34xx38,11
1411,1411,X35xx39,9
1412,1412,X36xx38,13
1413,1413,X37xx39,13
1414,1414,X38xx38,10
1415,1415,X39xx39,11
1416,1416,X40xx38,11
1417,1417,X41xx39,11
1418,1418,X42xx38,8
1419,1419,X43xx39,11
1420,1420,X44xx38,10
1421,1421,X45xx39,10
1422,1422,X46xx38,7
1423,1423,X47xx39,12
1424,1424,X48xx38,10
1425,1425,X49xx39,11
1426,1426,X50xx38,9
1427,1427,X51xx39,11
1428,1428,X52xx38,7
1429,1429,X53xx39,11
1430,1430,X54xx38,9
1431,1431,X55xx39,9
1432,1432,X56xx38,12
1433,1433,X57xx39,10
1434,1434,X58xx38,11
1435,1435,X59xx39,11
1436,1436,X60xx38,11
1437,1437,X61xx39,10
1438,1438,X62xx38,9
1439,1439,X63xx39,12
1440,1440,X64xx38,8
1441,1441,X65xx39,7
1442,1442,X66xx38,5
1443,1443,X67xx39,11
1444,1444,X68xx38,9
1445,1445,X69xx39,9
1446,1446,X70xx38,6
1447,1447,X71xx39,17
1448,1448,X72xx38,9
1449,1449,X73xx39,4
1450,1450,X74xx38,13
1451,1451,X75xx39,7
1452,1452,X76xx38,11
1453,1453,X77xx39,10
1454,1454,X78xx38,8
1455,1455,X79xx39,10
1456,1456,X80xx38,6
1457,1457,X81xx39,12
1458,1458,X82xx38,11
1459,1459,X83xx39,9
1460,1460,X84xx38,10
1461,1461,X85xx39,8
1462,1462,X86xx38,12
1463,1463,X87xx39,12
1464,1464,X88xx38,9
1465,1465,X89xx39,10
1466,1466,X90xx38,10
1467,1467,X91xx39,7
1468,1468,X92xx38,9
1469,1469,X93xx39,12
1470,1470,X94xx38,10
1471,1471,X95xx39,8
1472,1472,X96xx38,11
1473,1473,X97xx39,11
1474,1474,X98xx38,11
1475,1475,X99xx39,11
1476,1476,X100xx38,11
1477,1477,X101xx39,8
1478,1478,X102xx38,11
1479,1479,X103xx39,8
1480,1480,X104xx38,6
1481,1481,X105xx39,7
1482,1482,X106xx38,5
1483,1483,X16xx40,13
1484,1484,X17xx41,10
1485,1485,X18xx40,10
1486,1486,X19xx41,7
1487,1487,X20xx40,11
1488,1488,X21xx41,9
1489,1489,X22xx40,13
1490,1490,X23xx41,16
1491,1491,X24xx40,11
1492,1492,X25xx41,11
1493,1493,X26xx40,11
1494,1494,X27xx41,14
1495,1495,X28xx40,10
1496,1496,X29xx41,9
1497,1497,X30xx40,7
1498,1498,X31xx41,12
1499,1499,X32xx40,9
1500,1500,X33xx41,9
1501,1501,X34xx40,10
1502,1502,X35xx41,11
1503,1503,X36xx40,13
1504,1504,X37xx41,10
1505,1505,X38xx40,13
1506,1506,X39xx41,7
1507,1507,X40xx40,13
1508,1508,X41xx41,15
1509,1509,X42xx40,12
1510,1510,X43xx41,15
1511,1511,X44xx40,13
1512,1512,X45xx41,13
1513,1513,X46xx40,11
1514,1514,X47xx41,9
1515,1515,X48xx40,8
1516,1516,X49xx41,11
1517,1517,X50xx40,10
1518,1518,X51xx41,9
1519,1519,X52xx40,14
1520,1520,X53xx41,12
1521,1521,X54xx40,11
1522,1522,X55xx41,10
1523,1523,X56xx40,9
1524,1524,X57xx41,9
1525,1525,X58xx40,11
1526,1526,X59xx41,10
1527,1527,X60xx40,11
1528,1528,X61xx41,10
1529,1529,X62xx40,8
1530,1530,X63xx41,8
1531,1531,X64xx40,10
1532,1532,X65xx41,11
1533,1533,X66xx40,9
1534,1534,X67xx41,12
1535,1535,X68xx40,5
1536,1536,X69xx41,9
1537,1537,X70xx40,10
1538,1538,X71xx41,8
1539,1539,X72xx40,11
1540,1540,X73xx41,11
1541,1541,X74xx40,10
1542,1542,X75xx41,14
1543,1543,X76xx40,7
1544,1544,X77xx41,12
1545,1545,X78xx40,11
1546,1546,X79xx41,8
1547,1547,X80xx40,9
1548,1548,X81xx41,12
1549,1549,X82xx40,13
1550,1550,X83xx41,6
1551,1551,X84xx40,7
1552,1552,X85xx41,12
1553,1553,X86xx40,11
1554,1554,X87xx41,7
1555,1555,X88xx40,8
1556,1556,X89xx41,11
1557,1557,X90xx40,10
1558,1558,X91xx41,9
1559,1559,X92xx40,10
1560,1560,X93xx41,6
1561,1561,X94xx40,6
1562,1562,X95xx41,9
1563,1563,X96xx40,12
1564,1564,X97xx41,10
1565,1565,X98xx40,10
1566,1566,X99xx41,8
1567,1567,X100xx40,5
1568,1568,X101xx41,9
1569,1569,X102xx40,11
1570,1570,X103xx41,6
1571,1571,X104xx40,6
1572,1572,X105xx41,9
1573,1573,X16xx42,14
1574,1574,X17xx43,11
1575,1575,X18xx42,10
1576,1576,X19xx43,10
1577,1577,X20xx42,9
1578,1578,X21xx43,12
1579,1579,X22xx42,9
1580,1580,X23xx43,12
1581,1581,X24xx42,12
1582,1582,X25xx43,12
1583,1583,X26xx42,11
1584,1584,X27xx43,7
1585,1585,X28xx42,12
1586,1586,X29xx43,13
1587,1587,X30xx42,10
1588,1588,X31xx43,10
1589,1589,X32xx42,12
1590,1590,X33xx43,11
1591,1591,X34xx42,13
1592,1592,X35xx43,18
1593,1593,X36xx42,10
1594,1594,X37xx43,11
1595,1595,X38xx42,10
1596,1596,X39xx43,11
1597,1597,X40xx42,8
1598,1598,X41xx43,12
1599,1599,X42xx42,10
1600,1600,X43xx43,16
1601,1601,X44xx42,13
1602,1602,X45xx43,13
1603,1603,X46xx42,6
1604,1604,X47xx43,12
1605,1605,X48xx42,11
1606,1606,X49xx43,11
1607,1607,X50xx42,11
1608,1608,X51xx43,11
1609,1609,X52xx42,11
1610,1610,X53xx43,11
1611,1611,X54xx42,11
1612,1612,X55xx43,9
1613,1613,X56xx42,6
1614,1614,X57xx43,8
1615,1615,X58xx42,10
1616,1616,X59xx43,9
1617,1617,X60xx42,11
1618,1618,X61xx43,8
1619,1619,X62xx42,11
1620,1620,X63xx43,12
1621,1621,X64xx42,12
1622,1622,X65xx43,9
1623,1623,X66xx42,4
1624,1624,X67xx43,6
1625,1625,X68xx42,5
1626,1626,X69xx43,12
1627,1627,X70xx42,12
1628,1628,X71xx43,11
1629,1629,X72xx42,11
1630,1630,X73xx43,6
1631,1631,X74xx42,10
1632,1632,X75xx43,10
1633,1633,X76xx42,12
1634,1634,X77xx43,7
1635,1635,X78xx42,14
1636,1636,X79xx43,9
1637,1637,X80xx42,10
1638,1638,X81xx43,13
1639,1639,X82xx42,8
1640,1640,X83xx43,11
1641,1641,X84xx42,7
1642,1642,X85xx43,11
1643,1643,X86xx42,11
1644,1644,X87xx43,12
1645,1645,X88xx42,9
1646,1646,X89xx43,8
1647,1647,X90xx42,12
1648,1648,X91xx43,8
1649,1649,X92xx42,8
1650,1650,X93xx43,10
1651,1651,X94xx42,7
1652,1652,X95xx43,7
1653,1653,X96xx42,9
1654,1654,X97xx43,4
1655,1655,X98xx42,8
1656,1656,X99xx43,10
1657,1657,X100xx42,13
1658,1658,X101xx43,11
1659,1659,X102xx42,11
1660,1660,X103xx43,10
1661,1661,X104xx42,11
1662,1662,X105xx43,7
1663,1663,X106xx42,3
1664,1664,X15xx45,11
1665,1665,X16xx44,11
1666,1666,X17xx45,12
1667,1667,X18xx44,12
1668,1668,X19xx45,11
1669,1669,X20xx44,15
1670,1670,X21xx45,9
1671,1671,X22xx44,16
1672,1672,X23xx45,11
1673,1673,X24xx44,11
1674,1674,X25xx45,15
1675,1675,X26xx44,11
1676,1676,X27xx45,12
1677,1677,X28xx44,15
1678,1678,X29xx45,12
1679,1679,X30xx44,9
1680,1680,X31xx45,13
1681,1681,X32xx44,10
1682,1682,X33xx45,13
1683,1683,X34xx44,11
1684,1684,X35xx45,10
1685,1685,X36xx44,11
1686,1686,X37xx45,8
1687,1687,X38xx44,12
1688,1688,X39xx45,8
1689,1689,X40xx44,9
1690,1690,X41xx45,14
1691,1691,X42xx44,9
1692,1692,X43xx45,12
1693,1693,X44xx44,12
1694,1694,X45xx45,13
1695,1695,X46xx44,15
1696,1696,X47xx45,14
1697,1697,X48xx44,13
1698,1698,X49xx45,13
1699,1699,X50xx44,14
1700,1700,X51xx45,11
1701,1701,X52xx44,12
1702,1702,X53xx45,10
1703,1703,X54xx44,9
1704,1704,X55xx45,12
1705,1705,X56xx44,10
1706,1706,X57xx45,10
1707,1707,X58xx44,8
1708,1708,X59xx45,5
1709,1709,X60xx44,10
1710,1710,X61xx45,8
1711,1711,X62xx44,11
1712,1712,X63xx45,12
1713,1713,X64xx44,10
1714,1714,X65xx45,7
1715,1715,X66xx44,8
1716,1716,X67xx45,8
1717,1717,X68xx44,8
1718,1718,X69xx45,12
1719,1719,X70xx44,14
1720,1720,X71xx45,9
1721,1721,X72xx44,8
1722,1722,X73xx45,9
1723,1723,X74xx44,11
1724,1724,X75xx45,9
1725,1725,X76xx44,9
1726,1726,X77xx45,10
1727,1727,X78xx44,10
1728,1728,X79xx45,7
1729,1729,X80xx44,6
1730,1730,X81xx45,10
1731,1731,X82xx44,12
1732,1732,X83xx45,8
1733,1733,X84xx44,11
1734,1734,X85xx45,9
1735,1735,X86xx44,7
1736,1736,X87xx45,11
1737,1737,X88xx44,8
1738,1738,X89xx45,10
1739,1739,X90xx44,9
1740,1740,X91xx45,12
1741,1741,X92xx44,9
1742,1742,X93xx45,8
1743,1743,X94xx44,12
1744,1744,X95xx45,10
1745,1745,X96xx44,13
1746,1746,X97xx45,8
1747,1747,X98xx44,12
1748,1748,X99xx45,10
1749,1749,X100xx44,11
1750,1750,X101xx45,12
1751,1751,X102xx44,9
1752,1752,X103xx45,11
1753,1753,X104xx44,6
1754,1754,X105xx45,16
1755,1755,X106xx44,3
1756,1756,X107xx45,2
1757,1757,X16xx46,15
1758,1758,X17xx47,12
1759,1759,X18xx46,11
1760,1760,X19xx47,10
1761,1761,X20xx46,15
1762,1762,X21xx47,11
1763,1763,X22xx46,12
1764,1764,X23xx47,9
1765,1765,X24xx46,14
1766,1766,X25xx47,15
1767,1767,X26xx46,10
1768,1768,X27xx47,9
1769,1769,X28xx46,12
1770,1770,X29xx47,15
1771,1771,X30xx46,15
1772,1772,X31xx47,12
1773,1773,X32xx46,11
1774,1774,X33xx47,10
1775,1775,X34xx46,9
1776,1776,X35xx47,11
1777,1777,X36xx46,12
1778,1778,X37xx47,11
1779,1779,X38xx46,12
1780,1780,X39xx47,16
1781,1781,X40xx46,12
1782,1782,X41xx47,12
1783,1783,X42xx46,12
1784,1784,X43xx47,14
1785,1785,X44xx46,15
1786,1786,X45xx47,13
1787,1787,X46xx46,12
1788,1788,X47xx47,12
1789,1789,X48xx46,9
1790,1790,X49xx47,7
1791,1791,X50xx46,17
1792,1792,X51xx47,12
1793,1793,X52xx46,11
1794,1794,X53xx47,9
1795,1795,X54xx46,6
1796,1796,X55xx47,8
1797,1797,X56xx46,7
1798,1798,X57xx47,7
1799,1799,X58xx46,10
1800,1800,X59xx47,8
1801,1801,X60xx46,8
1802,1802,X61xx47,8
1803,1803,X62xx46,11
1804,1804,X63xx47,13
1805,1805,X64xx46,11
1806,1806,X65xx47,9
1807,1807,X66xx46,9
1808,1808,X67xx47,6
1809,1809,X68xx46,5
1810,1810,X69xx47,8
1811,1811,X70xx46,10
1812,1812,X71xx47,10
1813,1813,X72xx46,14
1814,1814,X73xx47,11
1815,1815,X74xx46,9
1816,1816,X75xx47,9
1817,1817,X76xx46,10
1818,1818,X77xx47,9
1819,1819,X78xx46,10
1820,1820,X79xx47,10
1821,1821,X80xx46,9
1822,1822,X81xx47,7
1823,1823,X82xx46,10
1824,1824,X83xx47,11
1825,1825,X84xx46,9
1826,1826,X85xx47,10
1827,1827,X86xx46,11
1828,1828,X87xx47,8
1829,1829,X88xx46,10
1830,1830,X89xx47,9
1831,1831,X90xx46,9
1832,1832,X91xx47,11
1833,1833,X92xx46,11
1834,1834,X93xx47,11
1835,1835,X94xx46,11
1836,1836,X95xx47,9
1837,1837,X96xx46,13
1838,1838,X97xx47,10
1839,1839,X98xx46,11
1840,1840,X99xx47,13
1841,1841,X100xx46,11
1842,1842,X101xx47,8
1843,1843,X102xx46,10
1844,1844,X103xx47,10
1845,1845,X104xx46,13
1846,1846,X105xx47,7
1847,1847,X106xx46,9
1848,1848,X107xx47,10
1849,1849,X16xx48,10
1850,1850,X17xx49,15
1851,1851,X18xx48,12
1852,1852,X19xx49,11
1853,1853,X20xx48,11
1854,1854,X21xx49,13
1855,1855,X22xx48,11
1856,1856,X23xx49,15
1857,1857,X24xx48,12
1858,1858,X25xx49,11
1859,1859,X26xx48,12
1860,1860,X27xx49,15
1861,1861,X28xx48,13
1862,1862,X29xx49,11
1863,1863,X30xx48,16
1864,1864,X31xx49,14
1865,1865,X32xx48,10
1866,1866,X33xx49,13
1867,1867,X34xx48,13
1868,1868,X35xx49,14
1869,1869,X36xx48,14
1870,1870,X37xx49,9
1871,1871,X38xx48,15
1872,1872,X39xx49,10
1873,1873,X40xx48,14
1874,1874,X41xx49,13
1875,1875,X42xx48,10
1876,1876,X43xx49,16
1877,1877,X44xx48,14
1878,1878,X45xx49,12
1879,1879,X46xx48,13
1880,1880,X47xx49,9
1881,1881,X48xx48,9
1882,1882,X49xx49,10
1883,1883,X50xx48,11
1884,1884,X51xx49,13
1885,1885,X52xx48,12
1886,1886,X53xx49,6
1887,1887,X54xx48,8
1888,1888,X55xx49,7
1889,1889,X56xx48,9
1890,1890,X57xx49,10
1891,1891,X58xx48,12
1892,1892,X59xx49,11
1893,1893,X60xx48,10
1894,1894,X61xx49,7
1895,1895,X62xx48,9
1896,1896,X63xx49,13
1897,1897,X64xx48,7
1898,1898,X65xx49,8
1899,1899,X66xx48,11
1900,1900,X67xx49,9
1901,1901,X68xx48,7
1902,1902,X69xx49,10
1903,1903,X70xx48,9
1904,1904,X71xx49,9
1905,1905,X72xx48,8
1906,1906,X73xx49,10
1907,1907,X74xx48,14
1908,1908,X75xx49,11
1909,1909,X76xx48,10
1910,1910,X77xx49,7
1911,1911,X78xx48,9
1912,1912,X79xx49,9
1913,1913,X80xx48,10
1914,1914,X81xx49,9
1915,1915,X82xx48,10
1916,1916,X83xx49,12
1917,1917,X84xx48,11
1918,1918,X85xx49,7
1919,1919,X86xx48,12
1920,1920,X87xx49,8
1921,1921,X88xx48,8
1922,1922,X89xx49,8
1923,1923,X90xx48,9
1924,1924,X91xx49,10
1925,1925,X92xx48,11
1926,1926,X93xx49,8
1927,1927,X94xx48,10
1928,1928,X95xx49,12
1929,1929,X96xx48,13
1930,1930,X97xx49,10
1931,1931,X98xx48,11
1932,1932,X99xx49,11
1933,1933,X100xx48,9
1934,1934,X101xx49,10
1935,1935,X102xx48,10
1936,1936,X103xx49,12
1937,1937,X104xx48,16
1938,1938,X105xx49,8
1939,1939,X106xx48,7
1940,1940,X15xx51,12
1941,1941,X16xx50,14
1942,1942,X17xx51,16
1943,1943,X18xx50,13
1944,1944,X19xx51,11
1945,1945,X20xx50,9
1946,1946,X21xx51,14
1947,1947,X22xx50,10
1948,1948,X23xx51,12
1949,1949,X24xx50,11
1950,1950,X25xx51,10
1951,1951,X26xx50,13
1952,1952,X27xx51,8
1953,1953,X28xx50,12
1954,1954,X29xx51,12
1955,1955,X30xx50,11
1956,1956,X31xx51,14
1957,1957,X32xx50,15
1958,1958,X33xx51,9
1959,1959,X34xx50,11
1960,1960,X35xx51,12
1961,1961,X36xx50,11
1962,1962,X37xx51,13
1963,1963,X38xx50,12
1964,1964,X39xx51,11
1965,1965,X40xx50,11
1966,1966,X41xx51,11
1967,1967,X42xx50,9
1968,1968,X43xx51,9
1969,1969,X44xx50,10
1970,1970,X45xx51,15
1971,1971,X46xx50,10
1972,1972,X47xx51,10
1973,1973,X48xx50,11
1974,1974,X49xx51,12
1975,1975,X50xx50,11
1976,1976,X51xx51,8
1977,1977,X52xx50,10
1978,1978,X53xx51,11
1979,1979,X54xx50,9
1980,1980,X55xx51,13
1981,1981,X56xx50,7
1982,1982,X57xx51,11
1983,1983,X58xx50,11
1984,1984,X59xx51,12
1985,1985,X60xx50,10
1986,1986,X61xx51,9
1987,1987,X62xx50,10
1988,1988,X63xx51,11
1989,1989,X64xx50,13
1990,1990,X65xx51,8
1991,1991,X66xx50,10
1992,1992,X67xx51,10
1993,1993,X68xx50,9
1994,1994,X69xx51,10
1995,1995,X70xx50,10
1996,1996,X71xx51,13
1997,1997,X72xx50,9
1998,1998,X73xx51,9
1999,1999,X74xx50,10
2000,2000,X75xx51,10
2001,2001,X76xx50,8
2002,2002,X77xx51,12
2003,2003,X78xx50,8
2004,2004,X79xx51,11
2005,2005,X80xx50,10
2006,2006,X81xx51,9
2007,2007,X82xx50,8
2008,2008,X83xx51,10
2009,2009,X84xx50,9
2010,2010,X85xx51,11
2011,2011,X86xx50,9
2012,2012,X87xx51,8
2013,2013,X88xx50,8
2014,2014,X89xx51,9
2015,2015,X90xx50,10
2016,2016,X91xx51,12
2017,2017,X92xx50,12
2018,2018,X93xx51,14
2019,2019,X94xx50,10
2020,2020,X95xx51,10
2021,2021,X96xx50,10
2022,2022,X97xx51,10
2023,2023,X98xx50,8
2024,2024,X99xx51,8
2025,2025,X100xx50,8
2026,2026,X101xx51,9
2027,2027,X102xx50,11
2028,2028,X103xx51,12
2029,2029,X104xx50,10
2030,2030,X105xx51,0
2031,2031,X15xx53,16
2032,2032,X16xx52,10
2033,2033,X17xx53,11
2034,2034,X18xx52,13
2035,2035,X19xx53,7
2036,2036,X20xx52,9
2037,2037,X21xx53,14
2038,2038,X22xx52,12
2039,2039,X23xx53,13
2040,2040,X24xx52,16
2041,2041,X25xx53,9
2042,2042,X26xx52,13
2043,2043,X27xx53,12
2044,2044,X28xx52,17
2045,2045,X29xx53,13
2046,2046,X30xx52,15
2047,2047,X31xx53,10
2048,2048,X32xx52,11
2049,2049,X33xx53,11
2050,2050,X34xx52,11
2051,2051,X35xx53,13
2052,2052,X36xx52,13
2053,2053,X37xx53,14
2054,2054,X38xx52,12
2055,2055,X39xx53,15
2056,2056,X40xx52,11
2057,2057,X41xx53,12
2058,2058,X42xx52,11
2059,2059,X43xx53,10
2060,2060,X44xx52,11
2061,2061,X45xx53,10
2062,2062,X46xx52,12
2063,2063,X47xx53,9
2064,2064,X48xx52,12
2065,2065,X49xx53,11
2066,2066,X50xx52,11
2067,2067,X51xx53,8
2068,2068,X52xx52,7
2069,2069,X53xx53,9
2070,2070,X54xx52,13
2071,2071,X55xx53,9
2072,2072,X56xx52,10
2073,2073,X57xx53,10
2074,2074,X58xx52,13
2075,2075,X59xx53,9
2076,2076,X60xx52,10
2077,2077,X61xx53,7
2078,2078,X62xx52,12
2079,2079,X63xx53,10
2080,2080,X64xx52,9
2081,2081,X65xx53,10
2082,2082,X66xx52,11
2083,2083,X67xx53,11
2084,2084,X68xx52,14
2085,2085,X69xx53,8
2086,2086,X70xx52,9
2087,2087,X71xx53,12
2088,2088,X72xx52,9
2089,2089,X73xx53,9
2090,2090,X74xx52,9
2091,2091,X75xx53,11
2092,2092,X76xx52,6
2093,2093,X77xx53,9
2094,2094,X78xx52,10
2095,2095,X79xx53,8
2096,2096,X80xx52,10
2097,2097,X81xx53,8
2098,2098,X82xx52,9
2099,2099,X83xx53,10
2100,2100,X84xx52,5
2101,2101,X85xx53,11
2102,2102,X86xx52,13
2103,2103,X87xx53,12
2104,2104,X88xx52,9
2105,2105,X89xx53,6
2106,2106,X90xx52,7
2107,2107,X91xx53,11
2108,2108,X92xx52,8
2109,2109,X93xx53,12
2110,2110,X94xx52,8
2111,2111,X95xx53,9
2112,2112,X96xx52,11
2113,2113,X97xx53,12
2114,2114,X98xx52,13
2115,2115,X99xx53,13
2116,2116,X100xx52,14
2117,2117,X102xx52,11
2118,2118,X104xx52,2
2119,2119,X15xx55,12
2120,2120,X16xx54,11
2121,2121,X17xx55,11
2122,2122,X18xx54,12
2123,2123,X19xx55,13
2124,2124,X20xx54,10
2125,2125,X21xx55,11
2126,2126,X22xx54,10
2127,2127,X23xx55,12
2128,2128,X24xx54,12
2129,2129,X25xx55,12
2130,2130,X26xx54,17
2131,2131,X27xx55,13
2132,2132,X28xx54,11
2133,2133,X29xx55,12
2134,2134,X30xx54,12
2135,2135,X31xx55,11
2136,2136,X32xx54,13
2137,2137,X33xx55,11
2138,2138,X34xx54,13
2139,2139,X35xx55,12
2140,2140,X36xx54,11
2141,2141,X37xx55,11
2142,2142,X38xx54,8
2143,2143,X39xx55,12
2144,2144,X40xx54,13
2145,2145,X41xx55,12
2146,2146,X42xx54,13
2147,2147,X43xx55,12
2148,2148,X44xx54,15
2149,2149,X45xx55,12
2150,2150,X46xx54,13
2151,2151,X47xx55,11
2152,2152,X48xx54,16
2153,2153,X49xx55,12
2154,2154,X50xx54,12
2155,2155,X51xx55,10
2156,2156,X52xx54,12
2157,2157,X53xx55,13
2158,2158,X54xx54,14
2159,2159,X55xx55,8
2160,2160,X56xx54,12
2161,2161,X57xx55,9
2162,2162,X58xx54,9
2163,2163,X59xx55,11
2164,2164,X60xx54,9
2165,2165,X61xx55,13
2166,2166,X62xx54,9
2167,2167,X63xx55,11
2168,2168,X64xx54,14
2169,2169,X65xx55,10
2170,2170,X66xx54,9
2171,2171,X67xx55,10
2172,2172,X68xx54,6
2173,2173,X69xx55,6
2174,2174,X70xx54,10
2175,2175,X71xx55,10
2176,2176,X72xx54,9
2177,2177,X73xx55,7
2178,2178,X74xx54,9
2179,2179,X75xx55,9
2180,2180,X76xx54,8
2181,2181,X77xx55,10
2182,2182,X78xx54,11
2183,2183,X79xx55,12
2184,2184,X80xx54,9
2185,2185,X81xx55,9
2186,2186,X82xx54,10
2187,2187,X83xx55,6
2188,2188,X84xx54,13
2189,2189,X85xx55,10
2190,2190,X86xx54,12
2191,2191,X87xx55,12
2192,2192,X88xx54,4
2193,2193,X89xx55,12
2194,2194,X90xx54,7
2195,2195,X91xx55,8
2196,2196,X92xx54,9
2197,2197,X93xx55,9
2198,2198,X94xx54,12
2199,2199,X95xx55,11
2200,2200,X96xx54,9
2201,2201,X97xx55,7
2202,2202,X98xx54,8
2203,2203,X99xx55,8
2204,2204,X100xx54,9
2205,2205,X101xx55,3
2206,2206,X102xx54,5
2207,2207,X15xx57,3
2208,2208,X16xx56,11
2209,2209,X17xx57,13
2210,2210,X18xx56,10
2211,2211,X19xx57,7
2212,2212,X20xx56,8
2213,2213,X21xx57,15
2214,2214,X22xx56,13
2215,2215,X23xx57,12
2216,2216,X24xx56,10
2217,2217,X25xx57,14
2218,2218,X26xx56,13
2219,2219,X27xx57,13
2220,2220,X28xx56,13
2221,2221,X29xx57,10
2222,2222,X30xx56,12
2223,2223,X31xx57,11
2224,2224,X32xx56,11
2225,2225,X33xx57,14
2226,2226,X34xx56,14
2227,2227,X35xx57,10
2228,2228,X36xx56,9
2229,2229,X37xx57,11
2230,2230,X38xx56,12
2231,2231,X39xx57,13
2232,2232,X40xx56,11
2233,2233,X41xx57,11
2234,2234,X42xx56,13
2235,2235,X43xx57,13
2236,2236,X44xx56,11
2237,2237,X45xx57,14
2238,2238,X46xx56,13
2239,2239,X47xx57,12
2240,2240,X48xx56,9
2241,2241,X49xx57,12
2242,2242,X50xx56,11
2243,2243,X51xx57,10
2244,2244,X52xx56,10
2245,2245,X53xx57,13
2246,2246,X54xx56,10
2247,2247,X55xx57,11
2248,2248,X56xx56,10
2249,2249,X57xx57,10
2250,2250,X58xx56,9
2251,2251,X59xx57,7
2252,2252,X60xx56,6
2253,2253,X61xx57,11
2254,2254,X62xx56,8
2255,2255,X63xx57,9
2256,2256,X64xx56,12
2257,2257,X65xx57,12
2258,2258,X66xx56,11
2259,2259,X67xx57,11
2260,2260,X68xx56,10
2261,2261,X69xx57,13
2262,2262,X70xx56,11
2263,2263,X71xx57,7
2264,2264,X72xx56,8
2265,2265,X73xx57,8
2266,2266,X74xx56,10
2267,2267,X75xx57,10
2268,2268,X76xx56,12
2269,2269,X77xx57,9
2270,2270,X78xx56,11
2271,2271,X79xx57,5
2272,2272,X80xx56,6
2273,2273,X81xx57,12
2274,2274,X82xx56,9
2275,2275,X83xx57,7
2276,2276,X84xx56,6
2277,2277,X85xx57,11
2278,2278,X86xx56,13
2279,2279,X87xx57,15
2280,2280,X88xx56,13
2281,2281,X89xx57,9
2282,2282,X90xx56,9
2283,2283,X91xx57,7
2284,2284,X92xx56,10
2285,2285,X93xx57,12
2286,2286,X94xx56,10
2287,2287,X95xx57,12
2288,2288,X96xx56,11
2289,2289,X97xx57,5
2290,2290,X98xx56,10
2291,2291,X15xx59,14
2292,2292,X16xx58,12
2293,2293,X17xx59,16
2294,2294,X18xx58,9
2295,2295,X19xx59,11
2296,2296,X20xx58,9
2297,2297,X21xx59,10
2298,2298,X22xx58,11
2299,2299,X23xx59,12
2300,2300,X24xx58,11
2301,2301,X25xx59,11
2302,2302,X26xx58,10
2303,2303,X27xx59,13
2304,2304,X28xx58,12
2305,2305,X29xx59,12
2306,2306,X30xx58,9
2307,2307,X31xx59,12
2308,2308,X32xx58,10
2309,2309,X33xx59,11
2310,2310,X34xx58,13
2311,2311,X35xx59,10
2312,2312,X36xx58,14
2313,2313,X37xx59,11
2314,2314,X38xx58,11
2315,2315,X39xx59,10
2316,2316,X40xx58,11
2317,2317,X41xx59,12
2318,2318,X42xx58,11
2319,2319,X43xx59,10
2320,2320,X44xx58,11
2321,2321,X45xx59,16
2322,2322,X46xx58,12
2323,2323,X47xx59,12
2324,2324,X48xx58,10
2325,2325,X49xx59,10
2326,2326,X50xx58,9
2327,2327,X51xx59,9
2328,2328,X52xx58,11
2329,2329,X53xx59,10
2330,2330,X54xx58,12
2331,2331,X55xx59,9
2332,2332,X56xx58,10
2333,2333,X57xx59,8
2334,2334,X58xx58,11
2335,2335,X59xx59,8
2336,2336,X60xx58,9
2337,2337,X61xx59,15
2338,2338,X62xx58,8
2339,2339,X63xx59,12
2340,2340,X64xx58,9
2341,2341,X65xx59,9
2342,2342,X66xx58,9
2343,2343,X67xx59,9
2344,2344,X68xx58,7
2345,2345,X69xx59,8
2346,2346,X70xx58,7
2347,2347,X71xx59,11
2348,2348,X72xx58,6
2349,2349,X73xx59,10
2350,2350,X74xx58,11
2351,2351,X75xx59,10
2352,2352,X76xx58,7
2353,2353,X77xx59,9
2354,2354,X78xx58,8
2355,2355,X79xx59,12
2356,2356,X80xx58,9
2357,2357,X81xx59,12
2358,2358,X82xx58,10
2359,2359,X83xx59,11
2360,2360,X84xx58,9
2361,2361,X85xx59,8
2362,2362,X86xx58,11
2363,2363,X87xx59,11
2364,2364,X88xx58,10
2365,2365,X89xx59,9
2366,2366,X90xx58,9
2367,2367,X91xx59,9
2368,2368,X92xx58,5
2369,2369,X93xx59,11
2370,2370,X94xx58,13
2371,2371,X95xx59,0
2372,2372,X14xx60,5
2373,2373,X15xx61,13
2374,2374,X16xx60,14
2375,2375,X17xx61,12
2376,2376,X18xx60,15
2377,2377,X19xx61,12
2378,2378,X20xx60,11
2379,2379,X21xx61,10
2380,2380,X22xx60,16
2381,2381,X23xx61,14
2382,2382,X24xx60,10
2383,2383,X25xx61,10
2384,2384,X26xx60,10
2385,2385,X27xx61,11
2386,2386,X28xx60,12
2387,2387,X29xx61,9
2388,2388,X30xx60,13
2389,2389,X31xx61,11
2390,2390,X32xx60,7
2391,2391,X33xx61,11
2392,2392,X34xx60,12
2393,2393,X35xx61,12
2394,2394,X36xx60,14
2395,2395,X37xx61,12
2396,2396,X38xx60,12
2397,2397,X39xx61,10
2398,2398,X40xx60,11
2399,2399,X41xx61,14
2400,2400,X42xx60,12
2401,2401,X43xx61,17
2402,2402,X44xx60,13
2403,2403,X45xx61,13
2404,2404,X46xx60,11
2405,2405,X47xx61,12
2406,2406,X48xx60,10
2407,2407,X49xx61,12
2408,2408,X50xx60,11
2409,2409,X51xx61,11
2410,2410,X52xx60,10
2411,2411,X53xx61,12
2412,2412,X54xx60,11
2413,2413,X55xx61,8
2414,2414,X56xx60,8
2415,2415,X57xx61,10
2416,2416,X58xx60,11
2417,2417,X59xx61,10
2418,2418,X60xx60,12
2419,2419,X61xx61,11
2420,2420,X62xx60,10
2421,2421,X63xx61,8
2422,2422,X64xx60,8
2423,2423,X65xx61,10
2424,2424,X66xx60,10
2425,2425,X67xx61,10
2426,2426,X68xx60,10
2427,2427,X69xx61,6
2428,2428,X70xx60,9
2429,2429,X71xx61,11
2430,2430,X72xx60,12
2431,2431,X73xx61,10
2432,2432,X74xx60,9
2433,2433,X75xx61,7
2434,2434,X76xx60,5
2435,2435,X77xx61,11
2436,2436,X78xx60,9
2437,2437,X79xx61,11
2438,2438,X80xx60,8
2439,2439,X81xx61,11
2440,2440,X82xx60,9
2441,2441,X83xx61,10
2442,2442,X84xx60,6
2443,2443,X85xx61,8
2444,2444,X86xx60,12
2445,2445,X87xx61,9
2446,2446,X88xx60,10
2447,2447,X89xx61,9
2448,2448,X90xx60,11
2449,2449,X91xx61,0
2450,2450,X92xx60,5
2451,2451,X15xx63,9
2452,2452,X16xx62,8
2453,2453,X17xx63,9
2454,2454,X18xx62,13
2455,2455,X19xx63,11
2456,2456,X20xx62,8
2457,2457,X21xx63,10
2458,2458,X22xx62,10
2459,2459,X23xx63,12
2460,2460,X24xx62,9
2461,2461,X25xx63,9
2462,2462,X26xx62,12
2463,2463,X27xx63,11
2464,2464,X28xx62,15
2465,2465,X29xx63,8
2466,2466,X30xx62,9
2467,2467,X31xx63,10
2468,2468,X32xx62,11
2469,2469,X33xx63,11
2470,2470,X34xx62,8
2471,2471,X35xx63,11
2472,2472,X36xx62,11
2473,2473,X37xx63,10
2474,2474,X38xx62,13
2475,2475,X39xx63,15
2476,2476,X40xx62,13
2477,2477,X41xx63,8
2478,2478,X42xx62,15
2479,2479,X43xx63,10
2480,2480,X44xx62,14
2481,2481,X45xx63,3
2482,2482,X46xx62,12
2483,2483,X47xx63,16
2484,2484,X48xx62,12
2485,2485,X49xx63,12
2486,2486,X50xx62,11
2487,2487,X51xx63,12
2488,2488,X52xx62,14
2489,2489,X53xx63,13
2490,2490,X54xx62,10
2491,2491,X55xx63,12
2492,2492,X56xx62,11
2493,2493,X57xx63,8
2494,2494,X58xx62,11
2495,2495,X59xx63,9
2496,2496,X60xx62,14
2497,2497,X61xx63,7
2498,2498,X62xx62,9
2499,2499,X63xx63,7
2500,2500,X64xx62,9
2501,2501,X65xx63,9
2502,2502,X66xx62,8
2503,2503,X67xx63,8
2504,2504,X68xx62,8
2505,2505,X69xx63,11
2506,2506,X70xx62,9
2507,2507,X71xx63,8
2508,2508,X72xx62,10
2509,2509,X73xx63,11
2510,2510,X74xx62,9
2511,2511,X75xx63,7
2512,2512,X76xx62,10
2513,2513,X77xx63,11
2514,2514,X78xx62,7
2515,2515,X79xx63,7
2516,2516,X80xx62,10
2517,2517,X81xx63,9
2518,2518,X82xx62,8
2519,2519,X83xx63,12
2520,2520,X84xx62,11
2521,2521,X85xx63,5
2522,2522,X86xx62,9
2523,2523,X88xx62,8
2524,2524,X14xx64,6
2525,2525,X15xx65,10
2526,2526,X16xx64,13
2527,2527,X17xx65,12
2528,2528,X18xx64,9
2529,2529,X19xx65,10
2530,2530,X20xx64,12
2531,2531,X21xx65,11
2532,2532,X22xx64,12
2533,2533,X23xx65,12
2534,2534,X24xx64,9
2535,2535,X25xx65,9
2536,2536,X26xx64,10
2537,2537,X27xx65,10
2538,2538,X28xx64,10
2539,2539,X29xx65,11
2540,2540,X30xx64,12
2541,2541,X31xx65,10
2542,2542,X32xx64,8
2543,2543,X33xx65,15
2544,2544,X34xx64,12
2545,2545,X35xx65,9
2546,2546,X36xx64,14
2547,2547,X37xx65,9
2548,2548,X38xx64,14
2549,2549,X39xx65,12
2550,2550,X40xx64,9
2551,2551,X41xx65,13
2552,2552,X42xx64,10
2553,2553,X43xx65,10
2554,2554,X44xx64,8
2555,2555,X45xx65,1
2556,2556,X46xx64,16
2557,2557,X47xx65,10
2558,2558,X48xx64,10
2559,2559,X49xx65,6
2560,2560,X50xx64,14
2561,2561,X51xx65,11
2562,2562,X52xx64,10
2563,2563,X53xx65,10
2564,2564,X54xx64,11
2565,2565,X55xx65,9
2566,2566,X56xx64,11
2567,2567,X57xx65,9
2568,2568,X58xx64,10
2569,2569,X59xx65,13
2570,2570,X60xx64,10
2571,2571,X61xx65,12
2572,2572,X62xx64,9
2573,2573,X63xx65,8
2574,2574,X64xx64,8
2575,2575,X65xx65,10
2576,2576,X66xx64,12
2577,2577,X67xx65,12
2578,2578,X68xx64,9
2579,2579,X69xx65,9
2580,2580,X70xx64,10
2581,2581,X71xx65,9
2582,2582,X72xx64,17
2583,2583,X73xx65,11
2584,2584,X74xx64,8
2585,2585,X75xx65,12
2586,2586,X76xx64,13
2587,2587,X78xx64,9
2588,2588,X79xx65,7
2589,2589,X80xx64,9
2590,2590,X16xx66,17
2591,2591,X17xx67,7
2592,2592,X18xx66,15
2593,2593,X19xx67,11
2594,2594,X20xx66,13
2595,2595,X21xx67,10
2596,2596,X22xx66,13
2597,2597,X23xx67,10
2598,2598,X24xx66,13
2599,2599,X25xx67,10
2600,2600,X26xx66,12
2601,2601,X27xx67,10
2602,2602,X28xx66,14
2603,2603,X29xx67,8
2604,2604,X30xx66,13
2605,2605,X31xx67,11
2606,2606,X32xx66,12
2607,2607,X33xx67,10
2608,2608,X34xx66,14
2609,2609,X35xx67,12
2610,2610,X36xx66,9
2611,2611,X37xx67,8
2612,2612,X38xx66,10
2613,2613,X39xx67,1
2614,2614,X40xx66,13
2615,2615,X41xx67,0
2616,2616,X42xx66,11
2617,2617,X50xx66,10
2618,2618,X52xx66,12
2619,2619,X53xx67,3
2620,2620,X54xx66,16
2621,2621,X55xx67,8
2622,2622,X56xx66,15
2623,2623,X57xx67,7
2624,2624,X58xx66,11
2625,2625,X59xx67,13
2626,2626,X60xx66,7
2627,2627,X61xx67,12
2628,2628,X62xx66,11
2629,2629,X63xx67,15
2630,2630,X64xx66,11
2631,2631,X65xx67,13
2632,2632,X66xx66,14
2633,2633,X67xx67,8
2634,2634,X68xx66,11
2635,2635,X69xx67,1
2636,2636,X70xx66,12
2637,2637,X72xx66,14
2638,2638,X74xx66,15
2639,2639,X13xx69,8
2640,2640,X15xx69,9
2641,2641,X16xx68,11
2642,2642,X17xx69,12
2643,2643,X18xx68,9
2644,2644,X19xx69,12
2645,2645,X20xx68,11
2646,2646,X21xx69,14
2647,2647,X22xx68,12
2648,2648,X23xx69,14
2649,2649,X24xx68,8
2650,2650,X25xx69,9
2651,2651,X26xx68,11
2652,2652,X27xx69,12
2653,2653,X28xx68,12
2654,2654,X29xx69,12
2655,2655,X30xx68,10
2656,2656,X31xx69,11
2657,2657,X32xx68,12
2658,2658,X33xx69,11
2659,2659,X34xx68,14
2660,2660,X35xx69,12
2661,2661,X36xx68,11
2662,2662,X37xx69,14
2663,2663,X39xx69,13
2664,2664,X60xx68,6
2665,2665,X62xx68,12
2666,2666,X64xx68,4
2667,2667,X68xx68,0
2668,2668,X11xx71,11
2669,2669,X13xx71,14
2670,2670,X16xx70,7
2671,2671,X17xx71,2
2672,2672,X18xx70,15
2673,2673,X20xx70,12
2674,2674,X21xx71,7
2675,2675,X22xx70,13
2676,2676,X23xx71,12
2677,2677,X24xx70,13
2678,2678,X25xx71,13
2679,2679,X26xx70,12
2680,2680,X27xx71,15
2681,2681,X28xx70,11
2682,2682,X29xx71,8
2683,2683,X30xx70,13
2684,2684,X31xx71,11
2685,2685,X32xx70,18
2686,2686,X33xx71,2
2687,2687,X34xx70,13
2688,2688,X35xx71,0
2689,2689,X36xx70,4
2690,2690,X38xx70,7
2691,2691,X40xx70,7
2692,2692,X12xx72,6
2693,2693,X13xx73,6
2694,2694,X14xx72,4
2695,2695,X26xx72,6
2696,2696,X28xx72,6
2697,2697,X30xx72,7
2698,2698,X32xx72,7
